Tanggal,Tahun,Bulan,T_avg,RH_avg,RR,Prediction_base_on_RH,Prediction_base_on_T
2020-01-01,2020,1,26.8,90.0,145.3,31.138640909185654,15.604929075540952
2020-01-02,2020,1,27.6,80.0,80.0,11.243919144148805,11.336703697678104
2020-01-03,2020,1,28.5,77.0,0.0,5.275502614637759,6.534950147582407
2020-01-04,2020,1,28.3,82.0,2.5,15.222863497156197,7.602006492048133
2020-01-05,2020,1,27.9,85.0,0.2,21.191280026667243,9.736119180979557
2020-01-06,2020,1,27.0,87.0,18.2,25.170224379674607,14.537872731075254
2020-01-07,2020,1,26.9,89.0,15.0,29.14916873268197,15.071400903308103
2020-01-08,2020,1,28.2,80.0,2.8,11.243919144148805,8.135534664280982
2020-01-09,2020,1,27.7,85.0,28.7,21.191280026667243,10.803175525445255
2020-01-10,2020,1,25.9,90.0,23.6,31.138640909185654,20.40668262563665
2020-01-11,2020,1,26.5,87.0,20.4,25.170224379674607,17.205513592239527
2020-01-12,2020,1,27.9,80.0,4.3,11.243919144148805,9.736119180979557
2020-01-13,2020,1,27.5,82.0,1.5,15.222863497156197,11.870231869910981
2020-01-14,2020,1,28.5,80.0,0.5,11.243919144148805,6.534950147582407
2020-01-15,2020,1,27.9,82.0,33.8,15.222863497156197,9.736119180979557
2020-01-16,2020,1,28.2,83.0,0.0,17.21233567365988,8.135534664280982
2020-01-17,2020,1,28.4,82.0,0.0,15.222863497156197,7.068478319815284
2020-01-18,2020,1,27.5,81.0,78.5,13.233391320652515,11.870231869910981
2020-01-19,2020,1,28.1,78.0,3.8,7.264974791141441,8.669062836513831
2020-01-20,2020,1,28.4,83.0,0.0,17.21233567365988,7.068478319815284
2020-01-21,2020,1,28.6,82.0,2.4,15.222863497156197,6.001421975349558
2020-01-22,2020,1,29.0,80.0,0.3,11.243919144148805,3.867309286418134
2020-01-23,2020,1,28.3,83.0,74.0,17.21233567365988,7.602006492048133
2020-01-24,2020,1,26.8,92.0,7.8,35.11758526219302,15.604929075540952
2020-01-25,2020,1,27.1,89.0,123.7,29.14916873268197,14.004344558842377
2020-01-26,2020,1,28.2,84.0,7.4,19.20180785016356,8.135534664280982
2020-01-27,2020,1,28.3,80.0,12.3,11.243919144148805,7.602006492048133
2020-01-28,2020,1,29.0,76.0,4.2,3.286030438134077,3.867309286418134
2020-01-29,2020,1,29.5,80.0,0.0,11.243919144148805,1.1996684252538614
2020-01-30,2020,1,27.4,82.0,22.0,15.222863497156197,12.40376004214383
2020-01-31,2020,1,28.3,84.0,0.0,19.20180785016356,7.602006492048133
2020-02-01,2020,2,26.1,92.0,48.5,27.25652084236959,29.075238790852467
2020-02-02,2020,2,26.8,88.0,128.9,25.879971427618123,23.13079400235938
2020-02-03,2020,2,27.0,87.0,16.6,25.535834073930257,21.43238120564706
2020-02-04,2020,2,27.0,86.0,20.9,25.191696720242394,21.43238120564706
2020-02-05,2020,2,27.8,84.0,0.5,24.50342201286666,14.638730018797816
2020-02-06,2020,2,26.7,89.0,6.6,26.22410878130599,23.98000040071554
2020-02-07,2020,2,26.6,90.0,0.6,26.568246134993856,24.8292067990717
2020-02-08,2020,2,26.7,86.0,125.2,25.191696720242394,23.98000040071554
2020-02-09,2020,2,26.4,85.0,9.0,24.847559366554528,26.527619595784017
2020-02-10,2020,2,29.1,76.0,18.6,21.750323183363733,3.5990468401677447
2020-02-11,2020,2,29.9,72.0,0.0,20.373773768612267,0.0
2020-02-12,2020,2,29.5,74.0,0.0,21.062048475988,0.2022212467431359
2020-02-13,2020,2,28.6,77.0,0.0,22.0944605370516,7.845078831948541
2020-02-14,2020,2,27.6,84.0,0.0,24.50342201286666,16.337142815510106
2020-02-15,2020,2,28.3,83.0,4.7,24.159284659178795,10.392698027017019
2020-02-16,2020,2,27.4,85.0,0.0,24.847559366554528,18.035555612222453
2020-02-17,2020,2,28.48,77.18,26.5,0.0,29.924445189208654
2020-02-18,2020,2,27.6,84.0,7.2,24.50342201286666,16.337142815510106
2020-02-19,2020,2,27.5,83.0,17.7,24.159284659178795,17.186349213866293
2020-02-20,2020,2,27.1,87.0,31.0,25.535834073930257,20.583174807290902
2020-02-21,2020,2,28.0,82.0,57.0,23.815147305490928,12.940317222085497
2020-02-22,2020,2,28.1,84.0,56.8,24.50342201286666,12.091110823729338
2020-02-23,2020,2,28.3,84.0,125.7,24.50342201286666,10.392698027017019
2020-02-24,2020,2,28.6,81.0,6.6,23.47100995180306,7.845078831948541
2020-02-25,2020,2,27.1,88.0,277.5,25.879971427618123,20.583174807290902
2020-02-26,2020,2,28.6,80.0,3.0,23.126872598115195,7.845078831948541
2020-02-27,2020,2,28.48,77.18,22.0,0.0,29.924445189208654
2020-02-28,2020,2,27.4,88.0,31.5,25.879971427618123,18.035555612222453
2020-02-29,2020,2,27.3,91.0,0.6,26.912383488681723,18.884762010578584
2020-03-01,2020,3,27.7,89.0,12.0,14.403454551434564,9.557970354175353
2020-03-02,2020,3,28.7,81.0,63.6,7.82826461140408,4.333267558228101
2020-03-03,2020,3,28.8,79.0,0.0,6.184467126396456,3.8107972786333733
2020-03-04,2020,3,28.5,82.0,0.0,8.6501633539079,5.378208117417557
2020-03-05,2020,3,28.0,79.0,19.6,6.184467126396456,7.990559515391169
2020-03-06,2020,3,28.8,78.0,2.0,5.362568383892651,3.8107972786333733
2020-03-07,2020,3,28.8,73.0,0.0,1.2530746713735965,3.8107972786333733
2020-03-08,2020,3,28.6,77.0,0.0,4.540669641388838,4.855737837822829
2020-03-09,2020,3,29.7,71.0,0.0,0.0,0.0
2020-03-10,2020,3,30.1,71.0,0.0,0.0,0.0
2020-03-11,2020,3,29.6,78.0,0.0,5.362568383892651,0.0
2020-03-12,2020,3,27.6,85.0,7.7,11.115859581419329,10.080440633770081
2020-03-13,2020,3,28.5,76.0,29.2,3.718770898885033,5.378208117417557
2020-03-14,2020,3,29.4,79.0,0.0,6.184467126396456,0.6759756010650335
2020-03-15,2020,3,29.3,80.0,2.0,7.006365868900275,1.1984458806597331
2020-03-16,2020,3,28.9,77.0,3.6,4.540669641388838,3.2883269990386452
2020-03-17,2020,3,28.9,78.0,4.8,5.362568383892651,3.2883269990386452
2020-03-18,2020,3,27.6,86.0,0.4,11.937758323923134,10.080440633770081
2020-03-19,2020,3,28.1,83.0,0.2,9.472062096411705,7.468089235796441
2020-03-20,2020,3,27.4,82.0,16.0,8.6501633539079,11.125381192959537
2020-03-21,2020,3,28.1,81.0,10.8,7.82826461140408,7.468089235796441
2020-03-22,2020,3,27.2,84.0,17.6,10.29396083891551,12.170321752148993
2020-03-23,2020,3,28.2,81.0,22.5,7.82826461140408,6.945618956201741
2020-03-24,2020,3,28.8,78.0,0.4,5.362568383892651,3.8107972786333733
2020-03-25,2020,3,28.4,81.0,0.3,7.82826461140408,5.900678397012285
2020-03-26,2020,3,28.8,78.0,0.0,5.362568383892651,3.8107972786333733
2020-03-27,2020,3,28.7,81.0,0.9,7.82826461140408,4.333267558228101
2020-03-28,2020,3,29.0,81.0,0.0,7.82826461140408,2.765856719443917
2020-03-29,2020,3,29.4,78.0,0.0,5.362568383892651,0.6759756010650335
2020-03-30,2020,3,27.7,84.0,0.0,10.29396083891551,9.557970354175353
2020-03-31,2020,3,28.1,84.0,7.1,10.29396083891551,7.468089235796441
2020-04-01,2020,4,28.1,80.0,21.5,8.840088538047716,10.002406470490683
2020-04-02,2020,4,29.8,73.0,0.0,2.9463413585862526,1.7147684986203728
2020-04-03,2020,4,29.3,77.0,0.1,6.314196889707084,4.1523090785822205
2020-04-04,2020,4,28.9,81.0,5.5,9.682052420827922,6.102341542551727
2020-04-05,2020,4,28.5,79.0,0.0,7.99812465526751,8.052374006521205
2020-04-06,2020,4,27.3,86.0,0.0,13.891871834728967,13.902471398429668
2020-04-07,2020,4,28.6,77.0,30.6,6.314196889707084,7.564865890528807
2020-04-08,2020,4,28.8,78.0,0.0,7.156160772487304,6.589849658544068
2020-04-09,2020,4,28.9,81.0,0.3,9.682052420827922,6.102341542551727
2020-04-10,2020,4,28.3,83.0,0.0,11.365980186388349,9.027390238505944
2020-04-11,2020,4,29.4,78.0,13.8,7.156160772487304,3.664800962589851
2020-04-12,2020,4,29.6,77.0,0.0,6.314196889707084,2.689784730605112
2020-04-13,2020,4,27.7,90.0,14.5,17.259727365849805,11.952438934460162
2020-04-14,2020,4,28.0,85.0,72.0,13.04990795194876,10.489914586483053
2020-04-15,2020,4,28.1,86.0,5.4,13.891871834728967,10.002406470490683
2020-04-16,2020,4,29.0,80.0,0.0,8.840088538047716,5.614833426559329
2020-04-17,2020,4,29.7,76.0,0.0,5.472233006926878,2.2022766146127424
2020-04-18,2020,4,28.7,77.0,0.0,6.314196889707084,7.077357774536466
2020-04-19,2020,4,29.6,76.0,0.0,5.472233006926878,2.689784730605112
2020-04-20,2020,4,30.0,78.0,0.0,7.156160772487304,0.7397522666356338
2020-04-21,2020,4,30.0,76.0,0.0,5.472233006926878,0.7397522666356338
2020-04-22,2020,4,30.4,70.0,0.0,0.4204497102456273,0.0
2020-04-23,2020,4,30.8,73.0,0.0,2.9463413585862526,0.0
2020-04-24,2020,4,29.3,77.0,0.0,6.314196889707084,4.1523090785822205
2020-04-25,2020,4,29.1,74.0,0.0,3.7883052413664657,5.12732531056696
2020-04-26,2020,4,29.4,77.0,0.0,6.314196889707084,3.664800962589851
2020-04-27,2020,4,27.7,84.0,13.5,12.207944069168555,11.952438934460162
2020-04-28,2020,4,27.8,82.0,1.2,10.524016303608143,11.464930818467792
2020-04-29,2020,4,28.3,78.0,4.4,7.156160772487304,9.027390238505944
2020-04-30,2020,4,28.6,82.0,0.0,10.524016303608143,7.564865890528807
2020-05-01,2020,5,28.8,80.0,0.0,7.543902439024379,5.763745360021915
2020-05-02,2020,5,27.1,85.0,0.0,13.056097560975587,14.332743252808456
2020-05-03,2020,5,29.3,76.0,1.0,3.1341463414634063,3.24345186214353
2020-05-04,2020,5,28.7,79.0,0.0,6.4414634146341285,6.267804059597609
2020-05-05,2020,5,29.6,76.0,1.6,3.1341463414634063,1.7312757634164768
2020-05-06,2020,5,29.6,79.0,0.0,6.4414634146341285,1.7312757634164768
2020-05-07,2020,5,30.2,72.0,0.2,0.0,0.0
2020-05-08,2020,5,30.2,73.0,0.0,0.0,0.0
2020-05-09,2020,5,28.4,82.0,0.0,9.748780487804865,7.779980158324662
2020-05-10,2020,5,28.8,81.0,1.0,8.646341463414615,5.763745360021915
2020-05-11,2020,5,29.3,78.0,0.0,5.3390243902438925,3.24345186214353
2020-05-12,2020,5,30.3,75.0,0.0,2.0317073170731703,0.0
2020-05-13,2020,5,29.9,79.0,3.8,6.4414634146341285,0.21909966468945186
2020-05-14,2020,5,29.4,76.0,0.0,3.1341463414634063,2.7393931625678647
2020-05-15,2020,5,30.0,70.0,0.0,0.0,0.0
2020-05-16,2020,5,30.2,70.0,0.0,0.0,0.0
2020-05-17,2020,5,29.9,75.0,0.0,2.0317073170731703,0.21909966468945186
2020-05-18,2020,5,28.2,84.0,0.0,11.953658536585337,8.788097557476021
2020-05-19,2020,5,28.7,76.0,12.8,3.1341463414634063,6.267804059597609
2020-05-20,2020,5,29.7,75.0,0.0,2.0317073170731703,1.2272170638408113
2020-05-21,2020,5,28.9,80.0,29.0,7.543902439024379,5.259686660446249
2020-05-22,2020,5,29.7,81.0,0.0,8.646341463414615,1.2272170638408113
2020-05-23,2020,5,29.6,73.0,0.0,0.0,1.7312757634164768
2020-05-24,2020,5,31.2,65.0,0.0,0.0,0.0
2020-05-25,2020,5,30.4,72.0,0.0,0.0,0.0
2020-05-26,2020,5,29.9,73.0,1.0,0.0,0.21909966468945186
2020-05-27,2020,5,29.5,74.0,0.0,0.9292682926829201,2.2353344629921708
2020-05-28,2020,5,29.8,76.0,0.0,3.1341463414634063,0.7231583642651458
2020-05-29,2020,5,29.6,78.0,0.0,5.3390243902438925,1.7312757634164768
2020-05-30,2020,5,29.6,76.0,0.0,3.1341463414634063,1.7312757634164768
2020-05-31,2020,5,29.4,73.0,0.0,0.0,2.7393931625678647
2020-06-01,2020,6,30.3,73.0,0.6,1.9764527621221184,0.0
2020-06-02,2020,6,29.6,74.0,0.0,2.029588396752644,0.8925020205294345
2020-06-03,2020,6,28.7,80.0,4.5,2.3484022045358004,2.074197098135741
2020-06-04,2020,6,29.5,72.0,0.0,1.9233171274915923,1.023801473596805
2020-06-05,2020,6,29.7,74.0,0.0,2.029588396752644,0.761202567462071
2020-06-06,2020,6,28.9,76.0,0.2,2.135859666013696,1.8115981920010071
2020-06-07,2020,6,29.9,71.0,0.0,1.8701814928610663,0.498603661327337
2020-06-08,2020,6,29.5,75.0,0.0,2.08272403138317,1.023801473596805
2020-06-09,2020,6,28.7,80.0,0.0,2.3484022045358004,2.074197098135741
2020-06-10,2020,6,29.4,78.0,0.0,2.2421309352747483,1.1551009266641756
2020-06-11,2020,6,29.8,75.0,0.0,2.08272403138317,0.6299031143947005
2020-06-12,2020,6,28.48,77.18,3.5,0.0,2.993293269607314
2020-06-13,2020,6,29.4,74.0,0.0,2.029588396752644,1.1551009266641756
2020-06-14,2020,6,30.3,72.0,0.0,1.9233171274915923,0.0
2020-06-15,2020,6,30.1,76.0,0.0,2.135859666013696,0.2360047551925959
2020-06-16,2020,6,30.0,73.0,0.0,1.9764527621221184,0.36730420825996646
2020-06-17,2020,6,30.3,69.0,0.0,1.7639102236000141,0.0
2020-06-18,2020,6,29.9,74.0,0.0,2.029588396752644,0.498603661327337
2020-06-19,2020,6,29.3,75.0,0.0,2.08272403138317,1.286400379731539
2020-06-20,2020,6,29.3,74.0,5.8,2.029588396752644,1.286400379731539
2020-06-21,2020,6,28.9,77.0,0.0,2.188995300644222,1.8115981920010071
2020-06-22,2020,6,28.8,77.0,0.0,2.188995300644222,1.9428976450683777
2020-06-23,2020,6,28.0,80.0,6.5,2.3484022045358004,2.993293269607314
2020-06-24,2020,6,28.7,73.0,0.0,1.9764527621221184,2.074197098135741
2020-06-25,2020,6,29.6,70.0,0.0,1.8170458582305402,0.8925020205294345
2020-06-26,2020,6,28.9,78.0,0.0,2.2421309352747483,1.8115981920010071
2020-06-27,2020,6,29.3,75.0,0.0,2.08272403138317,1.286400379731539
2020-06-28,2020,6,29.5,71.0,0.0,1.8701814928610663,1.023801473596805
2020-06-29,2020,6,29.8,68.0,0.0,1.710774588969488,0.6299031143947005
2020-06-30,2020,6,29.7,72.0,0.0,1.9233171274915923,0.761202567462071
2020-07-01,2020,7,29.8,70.0,0.0,0.0,0.0
2020-07-02,2020,7,27.3,81.0,0.0,4.521485473070786,6.365456487661788
2020-07-03,2020,7,28.5,74.0,0.0,1.5358344929349883,1.8935742083631766
2020-07-04,2020,7,29.1,73.0,0.0,1.1093129243441595,0.0
2020-07-05,2020,7,28.5,69.0,0.0,0.0,1.8935742083631766
2020-07-06,2020,7,29.0,66.0,0.0,0.0,0.03028992532209429
2020-07-07,2020,7,28.3,75.0,0.0,1.962356061525817,2.6388879215796095
2020-07-08,2020,7,29.0,73.0,0.0,1.1093129243441595,0.03028992532209429
2020-07-09,2020,7,27.8,77.0,0.0,2.815399198707471,4.502172204620706
2020-07-10,2020,7,27.7,79.0,9.0,3.6684423358891287,4.8748290612289225
2020-07-11,2020,7,28.3,80.0,1.9,4.0949639044799575,2.6388879215796095
2020-07-12,2020,7,28.8,77.0,0.0,2.815399198707471,0.7756036385385272
2020-07-13,2020,7,29.1,72.0,0.0,0.6827913557533307,0.0
2020-07-14,2020,7,29.4,74.0,0.0,1.5358344929349883,0.0
2020-07-15,2020,7,27.3,82.0,0.0,4.948007041661615,6.365456487661788
2020-07-16,2020,7,28.4,79.0,0.2,3.6684423358891287,2.2662310649714072
2020-07-17,2020,7,28.6,77.0,1.0,2.815399198707471,1.5209173517549601
2020-07-18,2020,7,28.8,74.0,0.0,1.5358344929349883,0.7756036385385272
2020-07-19,2020,7,29.0,73.0,0.0,1.1093129243441595,0.03028992532209429
2020-07-20,2020,7,29.2,74.0,0.0,1.5358344929349883,0.0
2020-07-21,2020,7,28.9,74.0,0.0,1.5358344929349883,0.40294678193032496
2020-07-22,2020,7,29.4,72.0,0.0,0.6827913557533307,0.0
2020-07-23,2020,7,29.4,70.0,0.0,0.0,0.0
2020-07-24,2020,7,29.2,71.0,0.0,0.2562697871625019,0.0
2020-07-25,2020,7,28.7,72.0,0.0,0.6827913557533307,1.1482604951467579
2020-07-26,2020,7,28.4,64.0,0.0,0.0,2.2662310649714072
2020-07-27,2020,7,28.4,65.0,0.0,0.0,2.2662310649714072
2020-07-28,2020,7,28.4,68.0,0.0,0.0,2.2662310649714072
2020-07-29,2020,7,28.3,67.0,0.0,0.0,2.6388879215796095
2020-07-30,2020,7,28.2,70.0,0.0,0.0,3.01154477818784
2020-07-31,2020,7,28.0,60.0,0.0,0.0,3.756858491404273
2020-08-01,2020,8,27.7,69.0,0.0,1.4688328848193208,10.761467984900747
2020-08-02,2020,8,28.2,69.0,0.0,1.4688328848193208,7.1604792972487985
2020-08-03,2020,8,29.5,69.0,0.0,1.4688328848193208,0.0
2020-08-04,2020,8,29.5,70.0,0.0,1.7437366728622408,0.0
2020-08-05,2020,8,28.5,73.0,0.0,2.5684480369910005,4.999886084657646
2020-08-06,2020,8,29.1,73.0,0.0,2.5684480369910005,0.678699659475285
2020-08-07,2020,8,28.8,77.0,0.0,3.6680631891626803,2.8392928720664656
2020-08-08,2020,8,29.3,75.0,0.0,3.1182556130768404,0.0
2020-08-09,2020,8,28.6,80.0,32.0,4.49277455329144,4.279688347127234
2020-08-10,2020,8,29.0,78.0,0.5,3.9429669772056,1.3988973970056975
2020-08-11,2020,8,29.2,74.0,0.0,2.8433518250339205,0.0
2020-08-12,2020,8,29.0,74.0,0.0,2.8433518250339205,1.3988973970056975
2020-08-13,2020,8,27.1,83.0,0.0,5.317485917420203,15.08265441008308
2020-08-14,2020,8,27.5,82.0,68.3,5.0425821293772835,12.201863459961515
2020-08-15,2020,8,28.5,79.0,0.0,4.21787076524852,4.999886084657646
2020-08-16,2020,8,29.1,75.0,0.0,3.1182556130768404,0.678699659475285
2020-08-17,2020,8,29.4,71.0,0.0,2.0186404609051607,0.0
2020-08-18,2020,8,28.3,77.0,0.2,3.6680631891626803,6.440281559718414
2020-08-19,2020,8,29.0,75.0,0.0,3.1182556130768404,1.3988973970056975
2020-08-20,2020,8,29.3,75.0,0.0,3.1182556130768404,0.0
2020-08-21,2020,8,29.0,68.0,0.0,1.193929096776401,1.3988973970056975
2020-08-22,2020,8,29.0,64.0,0.0,0.0943139446047212,1.3988973970056975
2020-08-23,2020,8,29.5,66.0,0.0,0.6441215206905611,0.0
2020-08-24,2020,8,29.5,68.0,0.0,1.193929096776401,0.0
2020-08-25,2020,8,29.0,64.0,0.0,0.0943139446047212,1.3988973970056975
2020-08-26,2020,8,29.1,67.0,0.0,0.919025308733481,0.678699659475285
2020-08-27,2020,8,29.0,64.0,0.0,0.0943139446047212,1.3988973970056975
2020-08-28,2020,8,29.3,64.0,0.0,0.0943139446047212,0.0
2020-08-29,2020,8,29.9,64.0,0.0,0.0943139446047212,0.0
2020-08-30,2020,8,29.2,68.0,0.0,1.193929096776401,0.0
2020-08-31,2020,8,29.3,68.0,0.0,1.193929096776401,0.0
2020-09-01,2020,9,29.9,61.0,0.0,2.5620087893937225,1.0359209659094262
2020-09-02,2020,9,29.1,70.0,0.0,3.2183005125359943,1.9708740011116959
2020-09-03,2020,9,28.9,71.0,1.4,3.2912218151073587,2.204612259912274
2020-09-04,2020,9,30.2,68.0,0.0,3.072457907393267,0.6853135777085697
2020-09-05,2020,9,29.6,74.0,0.0,3.5099857228214493,1.3865283541102755
2020-09-06,2020,9,29.0,71.0,0.0,3.2912218151073587,2.0877431305119813
2020-09-07,2020,9,29.7,66.0,0.0,2.92661530225054,1.26965922470999
2020-09-08,2020,9,30.0,64.0,0.0,2.780772697107813,0.9190518365091407
2020-09-09,2020,9,30.3,62.0,0.0,2.634930091965086,0.5684444483082842
2020-09-10,2020,9,29.5,71.0,0.0,3.2912218151073587,1.503397483510561
2020-09-11,2020,9,29.3,70.0,0.0,3.2183005125359943,1.737135742311132
2020-09-12,2020,9,29.2,72.0,0.0,3.364143117678722,1.8540048717114175
2020-09-13,2020,9,29.2,67.0,0.0,2.9995366048219037,1.8540048717114175
2020-09-14,2020,9,28.9,71.0,0.0,3.2912218151073587,2.204612259912274
2020-09-15,2020,9,28.48,77.18,0.0,0.0,7.931199600526217
2020-09-16,2020,9,28.48,77.18,0.0,0.0,9.099890894529064
2020-09-17,2020,9,28.48,77.18,0.0,0.0,5.593817012520525
2020-09-18,2020,9,28.48,77.18,0.0,0.0,6.762508306523369
2020-09-19,2020,9,28.48,77.18,0.0,0.0,7.931199600526217
2020-09-20,2020,9,28.48,77.18,0.0,0.0,5.593817012520525
2020-09-21,2020,9,28.48,77.18,0.0,0.0,4.425125718517677
2020-09-22,2020,9,28.48,77.18,0.0,0.0,5.593817012520525
2020-09-23,2020,9,28.48,77.18,0.0,0.0,5.593817012520525
2020-09-24,2020,9,28.48,77.18,0.0,0.0,6.762508306523369
2020-09-25,2020,9,28.48,77.18,0.0,0.0,4.425125718517677
2020-09-26,2020,9,28.48,77.18,0.0,0.0,3.256434424514829
2020-09-27,2020,9,28.48,77.18,0.0,0.0,3.256434424514829
2020-09-28,2020,9,29.4,70.0,2.5,3.2183005125359943,1.6202666129108465
2020-09-29,2020,9,29.7,64.0,0.0,2.780772697107813,1.26965922470999
2020-09-30,2020,9,30.3,64.0,0.0,2.780772697107813,0.5684444483082842
2020-10-01,2020,10,30.3,70.0,0.0,1.2401298451395775,0.0
2020-10-02,2020,10,29.4,72.0,0.0,3.3998151045370406,2.261892614943747
2020-10-03,2020,10,27.8,78.0,0.0,9.878870882729444,12.376930255709055
2020-10-04,2020,10,28.4,74.0,12.5,5.559500363934518,8.583791140422079
2020-10-05,2020,10,28.8,68.0,17.3,0.0,6.0550317302307235
2020-10-06,2020,10,28.8,67.0,0.0,0.0,6.0550317302307235
2020-10-07,2020,10,29.7,68.0,0.0,0.0,0.3653230573002588
2020-10-08,2020,10,29.3,71.0,0.0,2.319972474838309,2.894082467491586
2020-10-09,2020,10,28.7,77.0,8.0,8.799028253030713,6.687221582778562
2020-10-10,2020,10,28.8,75.0,0.0,6.6393429936332495,6.0550317302307235
2020-10-11,2020,10,28.5,77.0,6.6,8.799028253030713,7.95160128787424
2020-10-12,2020,10,29.7,68.0,0.0,0.0,0.3653230573002588
2020-10-13,2020,10,29.5,70.0,0.0,1.2401298451395775,1.6297027623959082
2020-10-14,2020,10,29.8,70.0,0.0,1.2401298451395775,0.0
2020-10-15,2020,10,30.0,67.0,0.0,0.0,0.0
2020-10-16,2020,10,28.4,75.0,0.0,6.6393429936332495,8.583791140422079
2020-10-17,2020,10,28.7,75.0,48.5,6.6393429936332495,6.687221582778562
2020-10-18,2020,10,28.8,75.0,0.0,6.6393429936332495,6.0550317302307235
2020-10-19,2020,10,28.6,79.0,0.0,10.958713512428176,7.319411435326401
2020-10-20,2020,10,28.6,78.0,10.5,9.878870882729444,7.319411435326401
2020-10-21,2020,10,27.3,82.0,24.6,14.198241401524385,15.537879518448221
2020-10-22,2020,10,28.8,76.0,57.6,7.719185623331981,6.0550317302307235
2020-10-23,2020,10,29.8,68.0,0.0,0.0,0.0
2020-10-24,2020,10,29.2,72.0,0.0,3.3998151045370406,3.526272320039425
2020-10-25,2020,10,28.2,78.0,0.0,9.878870882729444,9.848170845517728
2020-10-26,2020,10,27.4,82.0,0.8,14.198241401524385,14.905689665900383
2020-10-27,2020,10,27.0,82.0,5.4,14.198241401524385,17.43444907609171
2020-10-28,2020,10,28.3,80.0,15.0,12.038556142126907,9.21598099296989
2020-10-29,2020,10,29.4,74.0,1.5,5.559500363934518,2.261892614943747
2020-10-30,2020,10,29.1,76.0,0.0,7.719185623331981,4.158462172587235
2020-10-31,2020,10,28.1,77.0,0.0,8.799028253030713,10.480360698065539
2020-11-01,2020,11,27.7,81.0,5.5,6.971692350235024,6.984498779799026
2020-11-02,2020,11,28.6,75.0,7.0,3.1568528620629053,4.117738475153473
2020-11-03,2020,11,28.8,74.0,0.0,2.5210462807008867,3.480680629676698
2020-11-04,2020,11,28.6,74.0,0.0,2.5210462807008867,4.117738475153473
2020-11-05,2020,11,27.3,83.0,3.0,8.243305512959061,8.258614470752605
2020-11-06,2020,11,27.7,86.0,5.0,10.150725257045117,6.984498779799026
2020-11-07,2020,11,28.9,80.0,10.0,6.3358857688730055,3.162151706938303
2020-11-08,2020,11,27.8,80.0,0.0,6.3358857688730055,6.665969857060631
2020-11-09,2020,11,29.1,71.0,1.0,0.6136265366148308,2.5250938614615137
2020-11-10,2020,11,29.5,77.0,0.0,4.4284660247869425,1.2509781705079348
2020-11-11,2020,11,29.9,72.0,0.0,1.2494331179768494,0.0
2020-11-12,2020,11,29.8,74.0,3.6,2.5210462807008867,0.2953914022927506
2020-11-13,2020,11,30.4,76.0,0.0,3.792659443424924,0.0
2020-11-14,2020,11,30.5,71.0,0.0,0.6136265366148308,0.0
2020-11-15,2020,11,30.7,68.0,0.0,0.0,0.0
2020-11-16,2020,11,29.7,74.0,0.0,2.5210462807008867,0.6139203250311596
2020-11-17,2020,11,29.3,78.0,0.0,5.064272606148961,1.8880360159847243
2020-11-18,2020,11,29.3,76.0,0.0,3.792659443424924,1.8880360159847243
2020-11-19,2020,11,30.2,72.0,0.0,1.2494331179768494,0.0
2020-11-20,2020,11,29.7,77.0,0.0,4.4284660247869425,0.6139203250311596
2020-11-21,2020,11,29.2,76.0,0.0,3.792659443424924,2.206564938723119
2020-11-22,2020,11,28.5,77.0,0.0,4.4284660247869425,4.436267397891882
2020-11-23,2020,11,28.0,81.0,0.0,6.971692350235024,6.0289120115838415
2020-11-24,2020,11,28.1,77.0,1.0,4.4284660247869425,5.710383088845447
2020-11-25,2020,11,28.3,78.0,15.0,5.064272606148961,5.073325243368657
2020-11-26,2020,11,28.7,77.0,26.0,4.4284660247869425,3.7992095524150926
2020-11-27,2020,11,29.4,70.0,0.0,0.0,1.5695070932463437
2020-11-28,2020,11,28.5,79.0,9.0,5.70007918751098,4.436267397891882
2020-11-29,2020,11,28.4,74.0,0.2,2.5210462807008867,4.754796320630277
2020-11-30,2020,11,27.8,76.0,1.0,3.792659443424924,6.665969857060631
2020-12-01,2020,12,29.4,70.0,0.0,0.0,0.0
2020-12-02,2020,12,29.4,70.0,0.0,0.0,0.0
2020-12-03,2020,12,26.9,79.0,5.0,5.329465346534668,9.844490920298156
2020-12-04,2020,12,27.8,80.0,1.4,6.061969196919705,5.714647327784064
2020-12-05,2020,12,27.5,80.0,14.4,6.061969196919705,7.09126185862209
2020-12-06,2020,12,26.0,90.0,32.5,13.387007700770141,13.974334512812234
2020-12-07,2020,12,26.1,88.0,34.8,11.922000000000054,13.515463002532883
2020-12-08,2020,12,28.4,78.0,7.2,4.596961496149625,2.961418266108012
2020-12-09,2020,12,28.9,75.0,9.3,2.399449944994494,0.6670607147113117
2020-12-10,2020,12,27.8,80.0,0.0,6.061969196919705,5.714647327784064
2020-12-11,2020,12,28.1,80.0,0.4,6.061969196919705,4.338032796946038
2020-12-12,2020,12,27.7,78.0,4.8,4.596961496149625,6.173518838063416
2020-12-13,2020,12,27.0,83.0,0.0,8.259480748074836,9.385619410018805
2020-12-14,2020,12,28.0,76.0,0.0,3.1319537953795376,4.79690430722539
2020-12-15,2020,12,27.7,78.0,0.0,4.596961496149625,6.173518838063416
2020-12-16,2020,12,28.1,76.0,9.0,3.1319537953795376,4.338032796946038
2020-12-17,2020,12,27.5,79.0,6.0,5.329465346534668,7.09126185862209
2020-12-18,2020,12,28.3,74.0,0.0,1.6669460946094503,3.4202897763873636
2020-12-19,2020,12,28.2,74.0,0.0,1.6669460946094503,3.879161286666715
2020-12-20,2020,12,27.2,81.0,0.0,6.7944730473047485,8.46787638946013
2020-12-21,2020,12,27.4,76.0,4.2,3.1319537953795376,7.550133368901442
2020-12-22,2020,12,28.6,73.0,0.0,0.9344422442244067,2.0436752455493377
2020-12-23,2020,12,29.6,65.0,0.0,0.0,0.0
2020-12-24,2020,12,28.9,68.0,0.0,0.0,0.6670607147113117
2020-12-25,2020,12,29.3,67.0,0.0,0.0,0.0
2020-12-26,2020,12,28.9,70.0,0.7,0.0,0.6670607147113117
2020-12-27,2020,12,29.4,70.0,0.0,0.0,0.0
2020-12-28,2020,12,29.1,70.0,0.0,0.0,0.0
2020-12-29,2020,12,28.3,73.0,0.0,0.9344422442244067,3.4202897763873636
2020-12-30,2020,12,28.0,75.0,0.0,2.399449944994494,4.79690430722539
2020-12-31,2020,12,26.5,83.0,5.0,8.259480748074836,11.67997696141552
2021-01-01,2021,1,27.0,80.0,13.8,11.243919144148805,14.537872731075254
2021-01-02,2021,1,27.6,78.0,0.0,7.264974791141441,11.336703697678104
2021-01-03,2021,1,27.9,77.0,0.0,5.275502614637759,9.736119180979557
2021-01-04,2021,1,28.8,75.0,9.4,1.2965582616303948,4.93436563088386
2021-01-05,2021,1,28.4,76.0,0.0,3.286030438134077,7.068478319815284
2021-01-06,2021,1,27.2,85.0,8.2,21.191280026667243,13.470816386609528
2021-01-07,2021,1,26.8,84.0,40.5,19.20180785016356,15.604929075540952
2021-01-08,2021,1,27.1,85.0,2.0,21.191280026667243,14.004344558842377
2021-01-09,2021,1,26.4,87.0,14.4,25.170224379674607,17.739041764472375
2021-01-10,2021,1,27.1,82.0,34.3,15.222863497156197,14.004344558842377
2021-01-11,2021,1,27.8,78.0,0.0,7.264974791141441,10.269647353212406
2021-01-12,2021,1,27.3,82.0,0.0,15.222863497156197,12.937288214376679
2021-01-13,2021,1,27.2,83.0,13.2,17.21233567365988,13.470816386609528
2021-01-14,2021,1,27.4,81.0,0.2,13.233391320652515,12.40376004214383
2021-01-15,2021,1,27.9,79.0,0.0,9.254446967645123,9.736119180979557
2021-01-16,2021,1,29.2,70.0,0.0,0.0,2.8002529419524365
2021-01-17,2021,1,27.9,82.0,0.0,15.222863497156197,9.736119180979557
2021-01-18,2021,1,26.8,86.0,1.8,23.180752203170925,15.604929075540952
2021-01-19,2021,1,26.7,82.0,15.7,15.222863497156197,16.1384572477738
2021-01-20,2021,1,27.3,80.0,14.0,11.243919144148805,12.937288214376679
2021-01-21,2021,1,26.6,87.0,3.2,25.170224379674607,16.67198542000665
2021-01-22,2021,1,27.0,79.0,8.5,9.254446967645123,14.537872731075254
2021-01-23,2021,1,27.4,82.0,0.0,15.222863497156197,12.40376004214383
2021-01-24,2021,1,25.1,94.0,16.5,39.09652961520038,24.674908003499468
2021-01-25,2021,1,27.6,80.0,43.8,11.243919144148805,11.336703697678104
2021-01-26,2021,1,27.4,83.0,0.0,17.21233567365988,12.40376004214383
2021-01-27,2021,1,25.9,86.0,7.0,23.180752203170925,20.40668262563665
2021-01-28,2021,1,25.7,87.0,1.2,25.170224379674607,21.473738970102374
2021-01-29,2021,1,26.2,87.0,38.4,25.170224379674607,18.806098108938073
2021-01-30,2021,1,26.6,86.0,26.2,23.180752203170925,16.67198542000665
2021-01-31,2021,1,26.6,87.0,20.5,25.170224379674607,16.67198542000665
2021-02-01,2021,2,27.1,82.0,0.4,23.815147305490928,20.583174807290902
2021-02-02,2021,2,27.4,83.0,16.4,24.159284659178795,18.035555612222453
2021-02-03,2021,2,26.5,89.0,76.2,26.22410878130599,25.678413197427858
2021-02-04,2021,2,26.5,87.0,18.0,25.535834073930257,25.678413197427858
2021-02-05,2021,2,27.0,85.0,21.0,24.847559366554528,21.43238120564706
2021-02-06,2021,2,28.2,80.0,39.4,23.126872598115195,11.241904425373178
2021-02-07,2021,2,27.8,82.0,67.8,23.815147305490928,14.638730018797816
2021-02-08,2021,2,28.0,83.0,9.0,24.159284659178795,12.940317222085497
2021-02-09,2021,2,27.2,87.0,16.5,25.535834073930257,19.73396840893477
2021-02-10,2021,2,28.1,80.0,1.4,23.126872598115195,12.091110823729338
2021-02-11,2021,2,27.6,81.0,0.0,23.47100995180306,16.337142815510106
2021-02-12,2021,2,27.4,82.0,4.2,23.815147305490928,18.035555612222453
2021-02-13,2021,2,27.9,79.0,0.8,22.78273524442733,13.789523620441656
2021-02-14,2021,2,27.3,88.0,22.3,25.879971427618123,18.884762010578584
2021-02-15,2021,2,27.4,86.0,11.8,25.191696720242394,18.035555612222453
2021-02-16,2021,2,25.5,95.0,59.0,28.288932903433185,34.17047718098942
2021-02-17,2021,2,26.0,85.0,72.8,24.847559366554528,29.924445189208654
2021-02-18,2021,2,25.8,86.0,0.0,25.191696720242394,31.622857985920945
2021-02-19,2021,2,26.6,82.0,94.1,23.815147305490928,24.8292067990717
2021-02-20,2021,2,27.9,78.0,27.0,22.438597890739462,13.789523620441656
2021-02-21,2021,2,27.2,82.0,16.4,23.815147305490928,19.73396840893477
2021-02-22,2021,2,27.9,78.0,0.0,22.438597890739462,13.789523620441656
2021-02-23,2021,2,27.9,80.0,0.0,23.126872598115195,13.789523620441656
2021-02-24,2021,2,27.3,77.0,0.3,22.0944605370516,18.884762010578584
2021-02-25,2021,2,27.3,85.0,11.8,24.847559366554528,18.884762010578584
2021-02-26,2021,2,26.8,86.0,13.9,25.191696720242394,23.13079400235938
2021-02-27,2021,2,28.1,82.0,3.9,23.815147305490928,12.091110823729338
2021-02-28,2021,2,29.5,70.0,0.0,19.685499061236534,0.2022212467431359
2021-03-01,2021,3,29.3,72.0,0.2,0.4311759288697843,1.1984458806597331
2021-03-02,2021,3,27.3,82.0,20.4,8.6501633539079,11.647851472554265
2021-03-03,2021,3,27.7,82.0,35.2,8.6501633539079,9.557970354175353
2021-03-04,2021,3,28.3,78.0,1.3,5.362568383892651,6.423148676607013
2021-03-05,2021,3,27.4,82.0,3.0,8.6501633539079,11.125381192959537
2021-03-06,2021,3,26.8,86.0,0.6,11.937758323923134,14.260202870527877
2021-03-07,2021,3,27.1,85.0,67.2,11.115859581419329,12.692792031743693
2021-03-08,2021,3,27.0,80.0,2.0,7.006365868900275,13.21526231133842
2021-03-09,2021,3,27.3,80.0,3.4,7.006365868900275,11.647851472554265
2021-03-10,2021,3,27.4,83.0,40.6,9.472062096411705,11.125381192959537
2021-03-11,2021,3,26.0,82.0,35.1,8.6501633539079,18.4399651072857
2021-03-12,2021,3,27.4,83.0,1.0,9.472062096411705,11.125381192959537
2021-03-13,2021,3,28.7,74.0,0.1,2.0749734138774087,4.333267558228101
2021-03-14,2021,3,26.9,79.0,2.6,6.184467126396456,13.737732590933177
2021-03-15,2021,3,27.6,84.0,5.2,10.29396083891551,10.080440633770081
2021-03-16,2021,3,27.8,82.0,0.0,8.6501633539079,9.035500074580625
2021-03-17,2021,3,28.1,76.0,13.6,3.718770898885033,7.468089235796441
2021-03-18,2021,3,29.0,74.0,0.0,2.0749734138774087,2.765856719443917
2021-03-19,2021,3,28.9,76.0,0.0,3.718770898885033,3.2883269990386452
2021-03-20,2021,3,27.8,80.0,0.0,7.006365868900275,9.035500074580625
2021-03-21,2021,3,28.4,79.0,4.0,6.184467126396456,5.900678397012285
2021-03-22,2021,3,29.3,73.0,0.0,1.2530746713735965,1.1984458806597331
2021-03-23,2021,3,29.1,75.0,0.0,2.896872156381221,2.243386439849189
2021-03-24,2021,3,28.9,72.0,0.0,0.4311759288697843,3.2883269990386452
2021-03-25,2021,3,28.8,72.0,0.0,0.4311759288697843,3.8107972786333733
2021-03-26,2021,3,28.8,76.0,0.0,3.718770898885033,3.8107972786333733
2021-03-27,2021,3,28.3,82.0,0.0,8.6501633539079,6.423148676607013
2021-03-28,2021,3,28.8,79.0,4.5,6.184467126396456,3.8107972786333733
2021-03-29,2021,3,28.3,82.0,0.0,8.6501633539079,6.423148676607013
2021-03-30,2021,3,27.8,86.0,3.5,11.937758323923134,9.035500074580625
2021-03-31,2021,3,28.5,79.0,0.6,6.184467126396456,5.378208117417557
2021-04-01,2021,4,27.8,76.0,4.0,5.472233006926878,11.464930818467792
2021-04-02,2021,4,29.0,73.0,0.0,2.9463413585862526,5.614833426559329
2021-04-03,2021,4,26.9,88.0,73.4,15.575799600289393,15.852503862399146
2021-04-04,2021,4,27.7,84.0,1.6,12.207944069168555,11.952438934460162
2021-04-05,2021,4,28.5,78.0,0.0,7.156160772487304,8.052374006521205
2021-04-06,2021,4,29.0,71.0,0.0,1.2624135930258333,5.614833426559329
2021-04-07,2021,4,27.8,76.0,0.8,5.472233006926878,11.464930818467792
2021-04-08,2021,4,29.1,75.0,0.9,4.630269124146672,5.12732531056696
2021-04-09,2021,4,28.6,78.0,0.0,7.156160772487304,7.564865890528807
2021-04-10,2021,4,27.6,81.0,6.0,9.682052420827922,12.439947050452531
2021-04-11,2021,4,28.1,77.0,0.0,6.314196889707084,10.002406470490683
2021-04-12,2021,4,28.7,74.0,1.2,3.7883052413664657,7.077357774536466
2021-04-13,2021,4,28.0,80.0,25.5,8.840088538047716,10.489914586483053
2021-04-14,2021,4,28.0,81.0,0.0,9.682052420827922,10.489914586483053
2021-04-15,2021,4,27.3,82.0,3.4,10.524016303608143,13.902471398429668
2021-04-16,2021,4,28.3,78.0,2.7,7.156160772487304,9.027390238505944
2021-04-17,2021,4,27.6,84.0,0.0,12.207944069168555,12.439947050452531
2021-04-18,2021,4,28.6,78.0,27.7,7.156160772487304,7.564865890528807
2021-04-19,2021,4,28.7,76.0,0.0,5.472233006926878,7.077357774536466
2021-04-20,2021,4,29.1,73.0,0.0,2.9463413585862526,5.12732531056696
2021-04-21,2021,4,29.3,72.0,0.0,2.1043774758060465,4.1523090785822205
2021-04-22,2021,4,29.3,68.0,0.0,0.0,4.1523090785822205
2021-04-23,2021,4,28.2,76.0,0.0,5.472233006926878,9.514898354498314
2021-04-24,2021,4,28.5,74.0,10.5,3.7883052413664657,8.052374006521205
2021-04-25,2021,4,29.3,73.0,0.0,2.9463413585862526,4.1523090785822205
2021-04-26,2021,4,30.2,70.0,0.0,0.4204497102456273,0.0
2021-04-27,2021,4,29.9,73.0,0.0,2.9463413585862526,1.2272603826280033
2021-04-28,2021,4,28.8,78.0,0.0,7.156160772487304,6.589849658544068
2021-04-29,2021,4,29.0,76.0,56.2,5.472233006926878,5.614833426559329
2021-04-30,2021,4,28.6,80.0,0.0,8.840088538047716,7.564865890528807
2021-05-01,2021,5,29.7,76.0,0.0,3.1341463414634063,1.2272170638408113
2021-05-02,2021,5,29.8,76.0,0.0,3.1341463414634063,0.7231583642651458
2021-05-03,2021,5,29.7,76.0,0.0,3.1341463414634063,1.2272170638408113
2021-05-04,2021,5,29.5,72.0,0.0,0.0,2.2353344629921708
2021-05-05,2021,5,29.5,78.0,0.0,5.3390243902438925,2.2353344629921708
2021-05-06,2021,5,27.6,81.0,36.8,8.646341463414615,11.812449754930071
2021-05-07,2021,5,28.8,80.0,4.0,7.543902439024379,5.763745360021915
2021-05-08,2021,5,29.2,78.0,0.4,5.3390243902438925,3.747510561719224
2021-05-09,2021,5,28.4,80.0,47.0,7.543902439024379,7.779980158324662
2021-05-10,2021,5,29.7,76.0,3.5,3.1341463414634063,1.2272170638408113
2021-05-11,2021,5,29.9,73.0,0.0,0.0,0.21909966468945186
2021-05-12,2021,5,30.1,74.0,0.0,0.9292682926829201,0.0
2021-05-13,2021,5,29.6,76.0,0.0,3.1341463414634063,1.7312757634164768
2021-05-14,2021,5,29.8,71.0,0.0,0.0,0.7231583642651458
2021-05-15,2021,5,29.8,72.0,0.0,0.0,0.7231583642651458
2021-05-16,2021,5,30.1,72.0,0.0,0.0,0.0
2021-05-17,2021,5,29.8,75.0,0.0,2.0317073170731703,0.7231583642651458
2021-05-18,2021,5,27.3,82.0,92.2,9.748780487804865,13.324625853657125
2021-05-19,2021,5,29.1,77.0,0.0,4.236585365853642,4.25156926129489
2021-05-20,2021,5,29.6,74.0,0.0,0.9292682926829201,1.7312757634164768
2021-05-21,2021,5,29.1,77.0,0.2,4.236585365853642,4.25156926129489
2021-05-22,2021,5,28.9,76.0,0.0,3.1341463414634063,5.259686660446249
2021-05-23,2021,5,29.1,76.0,0.0,3.1341463414634063,4.25156926129489
2021-05-24,2021,5,29.5,77.0,0.0,4.236585365853642,2.2353344629921708
2021-05-25,2021,5,28.5,77.0,10.0,4.236585365853642,7.275921458748968
2021-05-26,2021,5,29.1,76.0,0.0,3.1341463414634063,4.25156926129489
2021-05-27,2021,5,29.7,73.0,0.0,0.0,1.2272170638408113
2021-05-28,2021,5,29.8,74.0,0.0,0.9292682926829201,0.7231583642651458
2021-05-29,2021,5,27.5,83.0,0.0,10.851219512195101,12.316508454505765
2021-05-30,2021,5,28.5,80.0,9.5,7.543902439024379,7.275921458748968
2021-05-31,2021,5,29.3,79.0,0.0,6.4414634146341285,3.24345186214353
2021-06-01,2021,6,28.8,81.0,0.0,2.4015378391663265,1.9428976450683777
2021-06-02,2021,6,29.0,80.0,0.2,2.3484022045358004,1.6802987389336437
2021-06-03,2021,6,28.9,83.0,0.0,2.5078091084273786,1.8115981920010071
2021-06-04,2021,6,30.2,77.0,6.7,2.188995300644222,0.10470530212523244
2021-06-05,2021,6,29.3,78.0,0.0,2.2421309352747483,1.286400379731539
2021-06-06,2021,6,29.5,78.0,0.0,2.2421309352747483,1.023801473596805
2021-06-07,2021,6,28.1,80.0,31.4,2.3484022045358004,2.8619938165399432
2021-06-08,2021,6,29.1,76.0,0.0,2.135859666013696,1.5489992858662731
2021-06-09,2021,6,29.1,77.0,2.2,2.188995300644222,1.5489992858662731
2021-06-10,2021,6,29.4,76.0,0.0,2.135859666013696,1.1551009266641756
2021-06-11,2021,6,28.7,79.0,0.0,2.2952665699052743,2.074197098135741
2021-06-12,2021,6,28.9,78.0,16.0,2.2421309352747483,1.8115981920010071
2021-06-13,2021,6,29.5,76.0,1.0,2.135859666013696,1.023801473596805
2021-06-14,2021,6,28.7,78.0,0.0,2.2421309352747483,2.074197098135741
2021-06-15,2021,6,28.1,78.0,0.4,2.2421309352747483,2.8619938165399432
2021-06-16,2021,6,28.1,80.0,0.0,2.3484022045358004,2.8619938165399432
2021-06-17,2021,6,27.8,83.0,1.4,2.5078091084273786,3.255892175742048
2021-06-18,2021,6,27.4,84.0,0.2,2.5609447430579038,3.781089988011523
2021-06-19,2021,6,26.0,92.0,0.9,2.9860298201021123,5.619282330954661
2021-06-20,2021,6,27.0,83.0,16.7,2.5078091084273786,4.306287800280991
2021-06-21,2021,6,26.5,85.0,1.6,2.61408037768843,4.9627850656178225
2021-06-22,2021,6,27.6,79.0,0.0,2.2952665699052743,3.518491081876782
2021-06-23,2021,6,27.8,81.0,0.0,2.4015378391663265,3.255892175742048
2021-06-24,2021,6,27.3,81.0,0.0,2.4015378391663265,3.9123894410788864
2021-06-25,2021,6,28.5,78.0,0.0,2.2421309352747483,2.336796004270475
2021-06-26,2021,6,29.0,78.0,0.0,2.2421309352747483,1.6802987389336437
2021-06-27,2021,6,28.9,78.0,0.0,2.2421309352747483,1.8115981920010071
2021-06-28,2021,6,28.4,78.0,0.0,2.2421309352747483,2.4680954573378457
2021-06-29,2021,6,28.5,74.0,0.0,2.029588396752644,2.336796004270475
2021-06-30,2021,6,27.5,82.0,0.4,2.4546734737968525,3.6497905349441524
2021-07-01,2021,7,26.3,86.0,1.0,6.65409331602493,10.092025053743953
2021-07-02,2021,7,28.3,75.0,12.0,1.962356061525817,2.6388879215796095
2021-07-03,2021,7,29.0,73.0,0.0,1.1093129243441595,0.03028992532209429
2021-07-04,2021,7,29.0,74.0,0.0,1.5358344929349883,0.03028992532209429
2021-07-05,2021,7,28.6,76.0,0.0,2.3888776301166423,1.5209173517549601
2021-07-06,2021,7,28.6,74.0,0.0,1.5358344929349883,1.5209173517549601
2021-07-07,2021,7,28.5,70.0,0.0,0.0,1.8935742083631766
2021-07-08,2021,7,28.5,69.0,0.0,0.0,1.8935742083631766
2021-07-09,2021,7,29.3,71.0,0.0,0.2562697871625019,0.0
2021-07-10,2021,7,29.6,73.0,0.0,1.1093129243441595,0.0
2021-07-11,2021,7,29.0,77.0,0.0,2.815399198707471,0.03028992532209429
2021-07-12,2021,7,29.3,69.0,0.0,0.0,0.0
2021-07-13,2021,7,27.5,78.0,0.0,3.2419207672983,5.620142774445355
2021-07-14,2021,7,28.1,75.0,0.0,1.962356061525817,3.3842016347960424
2021-07-15,2021,7,28.3,75.0,0.0,1.962356061525817,2.6388879215796095
2021-07-16,2021,7,28.7,68.0,0.0,0.0,1.1482604951467579
2021-07-17,2021,7,29.2,69.0,0.0,0.0,0.0
2021-07-18,2021,7,28.6,72.0,0.0,0.6827913557533307,1.5209173517549601
2021-07-19,2021,7,29.0,75.0,0.0,1.962356061525817,0.03028992532209429
2021-07-20,2021,7,28.4,79.0,0.0,3.6684423358891287,2.2662310649714072
2021-07-21,2021,7,28.7,77.0,0.0,2.815399198707471,1.1482604951467579
2021-07-22,2021,7,28.3,78.0,0.0,3.2419207672983,2.6388879215796095
2021-07-23,2021,7,27.1,82.0,17.8,4.948007041661615,7.110770200878221
2021-07-24,2021,7,27.8,81.0,2.5,4.521485473070786,4.502172204620706
2021-07-25,2021,7,27.7,79.0,2.5,3.6684423358891287,4.8748290612289225
2021-07-26,2021,7,28.3,69.0,0.0,0.0,2.6388879215796095
2021-07-27,2021,7,28.4,66.0,0.0,0.0,2.2662310649714072
2021-07-28,2021,7,28.5,64.0,0.0,0.0,1.8935742083631766
2021-07-29,2021,7,28.6,67.0,0.0,0.0,1.5209173517549601
2021-07-30,2021,7,29.0,72.0,0.0,0.6827913557533307,0.03028992532209429
2021-07-31,2021,7,29.0,70.0,0.0,0.0,0.03028992532209429
2021-08-01,2021,8,28.3,78.0,3.3,3.9429669772056,6.440281559718414
2021-08-02,2021,8,28.6,76.0,0.0,3.3931594011197603,4.279688347127234
2021-08-03,2021,8,28.7,75.0,0.0,3.1182556130768404,3.559490609596878
2021-08-04,2021,8,29.1,70.0,0.0,1.7437366728622408,0.678699659475285
2021-08-05,2021,8,27.4,81.0,0.0,4.7676783413343635,12.922061197491928
2021-08-06,2021,8,28.3,72.0,6.2,2.2935442489480806,6.440281559718414
2021-08-07,2021,8,29.0,74.0,0.0,2.8433518250339205,1.3988973970056975
2021-08-08,2021,8,29.3,74.0,0.0,2.8433518250339205,0.0
2021-08-09,2021,8,29.6,75.0,0.0,3.1182556130768404,0.0
2021-08-10,2021,8,27.1,84.0,66.5,5.592389705463123,15.08265441008308
2021-08-11,2021,8,28.7,74.0,0.0,2.8433518250339205,3.559490609596878
2021-08-12,2021,8,29.1,64.0,0.0,0.0943139446047212,0.678699659475285
2021-08-13,2021,8,28.2,76.0,0.0,3.3931594011197603,7.1604792972487985
2021-08-14,2021,8,29.1,72.0,0.0,2.2935442489480806,0.678699659475285
2021-08-15,2021,8,29.6,68.0,0.0,1.193929096776401,0.0
2021-08-16,2021,8,29.4,67.0,0.0,0.919025308733481,0.0
2021-08-17,2021,8,29.3,71.0,0.0,2.0186404609051607,0.0
2021-08-18,2021,8,28.8,73.0,0.0,2.5684480369910005,2.8392928720664656
2021-08-19,2021,8,28.2,75.0,0.0,3.1182556130768404,7.1604792972487985
2021-08-20,2021,8,28.6,72.0,0.0,2.2935442489480806,4.279688347127234
2021-08-21,2021,8,27.6,77.0,3.7,3.6680631891626803,11.481665722431131
2021-08-22,2021,8,28.8,74.0,0.0,2.8433518250339205,2.8392928720664656
2021-08-23,2021,8,28.8,77.0,0.0,3.6680631891626803,2.8392928720664656
2021-08-24,2021,8,29.1,72.0,0.0,2.2935442489480806,0.678699659475285
2021-08-25,2021,8,28.5,68.0,0.0,1.193929096776401,4.999886084657646
2021-08-26,2021,8,28.9,66.0,0.0,0.6441215206905611,2.1190951345360816
2021-08-27,2021,8,28.6,71.0,0.0,2.0186404609051607,4.279688347127234
2021-08-28,2021,8,29.8,63.0,0.0,0.0,0.0
2021-08-29,2021,8,28.6,72.0,0.0,2.2935442489480806,4.279688347127234
2021-08-30,2021,8,28.7,77.0,0.0,3.6680631891626803,3.559490609596878
2021-08-31,2021,8,29.3,79.0,0.0,4.21787076524852,0.0
2021-09-01,2021,9,29.4,70.0,0.0,3.2183005125359943,1.6202666129108465
2021-09-02,2021,9,28.9,71.0,0.0,3.2912218151073587,2.204612259912274
2021-09-03,2021,9,29.0,70.0,0.0,3.2183005125359943,2.0877431305119813
2021-09-04,2021,9,28.7,70.0,0.0,3.2183005125359943,2.438350518712838
2021-09-05,2021,9,29.6,67.0,0.0,2.9995366048219037,1.3865283541102755
2021-09-06,2021,9,29.6,72.0,0.0,3.364143117678722,1.3865283541102755
2021-09-07,2021,9,28.8,74.0,0.0,3.5099857228214493,2.3214813893125523
2021-09-08,2021,9,27.9,78.0,6.9,3.8016709331069034,3.3733035539151146
2021-09-09,2021,9,27.8,74.0,22.0,3.5099857228214493,3.4901726833154
2021-09-10,2021,9,28.5,64.0,0.0,2.780772697107813,2.672088777513409
2021-09-11,2021,9,29.1,70.0,0.0,3.2183005125359943,1.9708740011116959
2021-09-12,2021,9,28.8,76.0,0.0,3.6558283279641763,2.3214813893125523
2021-09-13,2021,9,29.3,73.0,0.0,3.4370644202500857,1.737135742311132
2021-09-14,2021,9,25.8,89.0,36.7,4.603805261391903,5.827555271321092
2021-09-15,2021,9,28.0,82.0,5.7,4.0933561433923575,3.256434424514829
2021-09-16,2021,9,29.2,77.0,0.0,3.72874963053554,1.8540048717114175
2021-09-17,2021,9,29.7,72.0,0.0,3.364143117678722,1.26965922470999
2021-09-18,2021,9,30.5,63.0,0.0,2.7078513945364495,0.33470618950771325
2021-09-19,2021,9,28.6,76.0,0.0,3.6558283279641763,2.5552196481131233
2021-09-20,2021,9,28.8,72.0,17.0,3.364143117678722,2.3214813893125523
2021-09-21,2021,9,28.8,71.0,0.0,3.2912218151073587,2.3214813893125523
2021-09-22,2021,9,29.5,69.0,0.0,3.1453792099646307,1.503397483510561
2021-09-23,2021,9,29.7,69.0,0.0,3.1453792099646307,1.26965922470999
2021-09-24,2021,9,29.9,69.0,0.0,3.1453792099646307,1.0359209659094262
2021-09-25,2021,9,29.9,73.0,0.0,3.4370644202500857,1.0359209659094262
2021-09-26,2021,9,29.7,74.0,0.0,3.5099857228214493,1.26965922470999
2021-09-27,2021,9,29.1,79.0,17.6,3.874592235678267,1.9708740011116959
2021-09-28,2021,9,29.0,80.0,7.5,3.9475135382496305,2.0877431305119813
2021-09-29,2021,9,29.4,74.0,0.0,3.5099857228214493,1.6202666129108465
2021-09-30,2021,9,29.6,72.0,0.0,3.364143117678722,1.3865283541102755
2021-10-01,2021,10,29.1,75.0,1.5,6.6393429936332495,4.158462172587235
2021-10-02,2021,10,28.9,75.0,0.0,6.6393429936332495,5.422841877682913
2021-10-03,2021,10,29.1,69.0,0.0,0.1602872154408459,4.158462172587235
2021-10-04,2021,10,28.4,75.0,0.0,6.6393429936332495,8.583791140422079
2021-10-05,2021,10,29.0,66.0,16.2,0.0,4.790652025135074
2021-10-06,2021,10,28.7,77.0,0.0,8.799028253030713,6.687221582778562
2021-10-07,2021,10,29.3,66.0,0.0,0.0,2.894082467491586
2021-10-08,2021,10,28.7,72.0,0.0,3.3998151045370406,6.687221582778562
2021-10-09,2021,10,29.6,70.0,0.0,1.2401298451395775,0.9975129098480693
2021-10-10,2021,10,29.8,72.0,0.0,3.3998151045370406,0.0
2021-10-11,2021,10,29.3,70.0,0.0,1.2401298451395775,2.894082467491586
2021-10-12,2021,10,29.5,68.0,0.0,0.0,1.6297027623959082
2021-10-13,2021,10,30.1,68.0,0.0,0.0,0.0
2021-10-14,2021,10,29.5,72.0,0.0,3.3998151045370406,1.6297027623959082
2021-10-15,2021,10,30.2,71.0,0.0,2.319972474838309,0.0
2021-10-16,2021,10,30.1,70.0,0.0,1.2401298451395775,0.0
2021-10-17,2021,10,30.4,72.0,0.0,3.3998151045370406,0.0
2021-10-18,2021,10,26.0,90.0,55.3,22.83698243911425,23.756347601570013
2021-10-19,2021,10,27.7,77.0,20.7,8.799028253030713,13.009120108256894
2021-10-20,2021,10,29.0,74.0,0.0,5.559500363934518,4.790652025135074
2021-10-21,2021,10,28.5,83.0,46.5,15.278084031223116,7.95160128787424
2021-10-22,2021,10,29.1,77.0,4.0,8.799028253030713,4.158462172587235
2021-10-23,2021,10,29.3,72.0,0.0,3.3998151045370406,2.894082467491586
2021-10-24,2021,10,30.0,73.0,0.0,4.479657734235772,0.0
2021-10-25,2021,10,29.0,75.0,0.0,6.6393429936332495,4.790652025135074
2021-10-26,2021,10,29.8,72.0,0.0,3.3998151045370406,0.0
2021-10-27,2021,10,28.7,80.0,1.2,12.038556142126907,6.687221582778562
2021-10-28,2021,10,27.3,86.0,28.1,18.51761192031931,15.537879518448221
2021-10-29,2021,10,28.6,74.0,7.8,5.559500363934518,7.319411435326401
2021-10-30,2021,10,29.3,73.0,0.0,4.479657734235772,2.894082467491586
2021-10-31,2021,10,28.9,77.0,0.8,8.799028253030713,5.422841877682913
2021-11-01,2021,11,27.7,84.0,0.0,8.87911209432108,6.984498779799026
2021-11-02,2021,11,28.6,76.0,2.0,3.792659443424924,4.117738475153473
2021-11-03,2021,11,28.5,78.0,0.0,5.064272606148961,4.436267397891882
2021-11-04,2021,11,29.0,77.0,0.6,4.4284660247869425,2.8436227841999084
2021-11-05,2021,11,27.9,82.0,0.0,7.607498931597043,6.347440934322236
2021-11-06,2021,11,29.4,76.0,2.0,3.792659443424924,1.5695070932463437
2021-11-07,2021,11,27.6,84.0,0.0,8.87911209432108,7.30302770253742
2021-11-08,2021,11,28.3,79.0,19.2,5.70007918751098,5.073325243368657
2021-11-09,2021,11,29.4,78.0,0.0,5.064272606148961,1.5695070932463437
2021-11-10,2021,11,28.6,76.0,1.9,3.792659443424924,4.117738475153473
2021-11-11,2021,11,28.3,77.0,2.0,4.4284660247869425,5.073325243368657
2021-11-12,2021,11,28.5,74.0,0.0,2.5210462807008867,4.436267397891882
2021-11-13,2021,11,27.5,85.0,26.4,9.514918675683099,7.621556625275815
2021-11-14,2021,11,29.4,76.0,30.3,3.792659443424924,1.5695070932463437
2021-11-15,2021,11,27.7,80.0,1.0,6.3358857688730055,6.984498779799026
2021-11-16,2021,11,29.8,67.0,0.0,0.0,0.2953914022927506
2021-11-17,2021,11,30.0,71.0,2.4,0.6136265366148308,0.0
2021-11-18,2021,11,29.8,71.0,0.0,0.6136265366148308,0.2953914022927506
2021-11-19,2021,11,27.9,74.0,0.0,2.5210462807008867,6.347440934322236
2021-11-20,2021,11,27.9,78.0,0.0,5.064272606148961,6.347440934322236
2021-11-21,2021,11,29.4,73.0,7.0,1.885239699338868,1.5695070932463437
2021-11-22,2021,11,29.3,74.0,0.0,2.5210462807008867,1.8880360159847243
2021-11-23,2021,11,27.9,76.0,0.0,3.792659443424924,6.347440934322236
2021-11-24,2021,11,29.3,62.0,0.0,0.0,1.8880360159847243
2021-11-25,2021,11,29.1,73.0,0.0,1.885239699338868,2.5250938614615137
2021-11-26,2021,11,28.2,80.0,0.0,6.3358857688730055,5.391854166107066
2021-11-27,2021,11,27.6,78.0,34.0,5.064272606148961,7.30302770253742
2021-11-28,2021,11,28.1,74.0,5.0,2.5210462807008867,5.710383088845447
2021-11-29,2021,11,28.4,76.0,0.3,3.792659443424924,4.754796320630277
2021-11-30,2021,11,28.9,75.0,0.0,3.1568528620629053,3.162151706938303
2021-12-01,2021,12,29.7,66.0,0.0,0.0,0.0
2021-12-02,2021,12,31.0,64.0,0.0,0.0,0.0
2021-12-03,2021,12,29.3,74.0,0.0,1.6669460946094503,0.0
2021-12-04,2021,12,27.4,78.0,0.0,4.596961496149625,7.550133368901442
2021-12-05,2021,12,26.6,82.0,2.5,7.526976897689792,11.221105451136168
2021-12-06,2021,12,27.5,80.0,11.9,6.061969196919705,7.09126185862209
2021-12-07,2021,12,26.4,86.0,65.6,10.456992299229967,12.138848471694871
2021-12-08,2021,12,28.5,80.0,1.5,6.061969196919705,2.502546755828689
2021-12-09,2021,12,27.5,87.0,30.5,11.18949614961501,7.09126185862209
2021-12-10,2021,12,28.4,81.0,0.6,6.7944730473047485,2.961418266108012
2021-12-11,2021,12,27.3,84.0,1.6,8.99198459845988,8.009004879180779
2021-12-12,2021,12,28.9,76.0,0.0,3.1319537953795376,0.6670607147113117
2021-12-13,2021,12,29.0,76.0,0.0,3.1319537953795376,0.2081892044319602
2021-12-14,2021,12,28.6,79.0,0.0,5.329465346534668,2.0436752455493377
2021-12-15,2021,12,28.7,79.0,7.4,5.329465346534668,1.5848037352699862
2021-12-16,2021,12,28.3,81.0,0.0,6.7944730473047485,3.4202897763873636
2021-12-17,2021,12,28.4,79.0,0.0,5.329465346534668,2.961418266108012
2021-12-18,2021,12,28.5,76.0,0.4,3.1319537953795376,2.502546755828689
2021-12-19,2021,12,29.1,80.0,2.4,6.061969196919705,0.0
2021-12-20,2021,12,27.9,84.0,0.0,8.99198459845988,5.255775817504741
2021-12-21,2021,12,26.8,88.0,1.5,11.922000000000054,10.303362430577494
2021-12-22,2021,12,28.2,80.0,6.8,6.061969196919705,3.879161286666715
2021-12-23,2021,12,26.2,88.0,0.0,11.922000000000054,13.056591492253546
2021-12-24,2021,12,28.0,78.0,19.7,4.596961496149625,4.79690430722539
2021-12-25,2021,12,28.1,81.0,0.0,6.7944730473047485,4.338032796946038
2021-12-26,2021,12,27.3,78.0,9.4,4.596961496149625,8.009004879180779
2021-12-27,2021,12,28.2,77.0,0.0,3.864457645764581,3.879161286666715
2021-12-28,2021,12,28.2,82.0,0.0,7.526976897689792,3.879161286666715
2021-12-29,2021,12,27.5,84.0,9.0,8.99198459845988,7.09126185862209
2021-12-30,2021,12,28.0,84.0,0.0,8.99198459845988,4.79690430722539
2021-12-31,2021,12,29.3,77.0,0.8,3.864457645764581,0.0
2022-01-01,2022,1,28.9,75.0,0.5,1.2965582616303948,4.4008374586510115
2022-01-02,2022,1,28.2,82.0,0.0,15.222863497156197,8.135534664280982
2022-01-03,2022,1,29.2,72.0,0.0,0.0,2.8002529419524365
2022-01-04,2022,1,28.9,71.0,0.0,0.0,4.4008374586510115
2022-01-05,2022,1,29.4,75.0,0.0,1.2965582616303948,1.7331965974867387
2022-01-06,2022,1,27.9,86.0,34.5,23.180752203170925,9.736119180979557
2022-01-07,2022,1,29.3,74.0,6.8,0.0,2.2667247697195876
2022-01-08,2022,1,28.6,77.0,0.3,5.275502614637759,6.001421975349558
2022-01-09,2022,1,29.1,77.0,0.0,5.275502614637759,3.3337811141852853
2022-01-10,2022,1,28.3,78.0,0.0,7.264974791141441,7.602006492048133
2022-01-11,2022,1,26.9,86.0,24.0,23.180752203170925,15.071400903308103
2022-01-12,2022,1,26.7,87.0,27.2,25.170224379674607,16.1384572477738
2022-01-13,2022,1,27.2,84.0,15.6,19.20180785016356,13.470816386609528
2022-01-14,2022,1,26.5,88.0,13.0,27.15969655617829,17.205513592239527
2022-01-15,2022,1,26.7,86.0,4.0,23.180752203170925,16.1384572477738
2022-01-16,2022,1,27.4,87.0,0.0,25.170224379674607,12.40376004214383
2022-01-17,2022,1,28.1,82.0,12.8,15.222863497156197,8.669062836513831
2022-01-18,2022,1,26.3,92.0,8.1,35.11758526219302,18.272569936705224
2022-01-19,2022,1,27.3,84.0,204.0,19.20180785016356,12.937288214376679
2022-01-20,2022,1,26.2,83.0,6.6,17.21233567365988,18.806098108938073
2022-01-21,2022,1,27.6,79.0,0.0,9.254446967645123,11.336703697678104
2022-01-22,2022,1,27.3,82.0,6.0,15.222863497156197,12.937288214376679
2022-01-23,2022,1,29.3,75.0,3.2,1.2965582616303948,2.2667247697195876
2022-01-24,2022,1,29.6,72.0,0.0,0.0,0.6661402530210125
2022-01-25,2022,1,28.8,80.0,0.0,11.243919144148805,4.93436563088386
2022-01-26,2022,1,27.2,83.0,5.2,17.21233567365988,13.470816386609528
2022-01-27,2022,1,28.1,80.0,0.0,11.243919144148805,8.669062836513831
2022-01-28,2022,1,28.7,78.0,5.2,7.264974791141441,5.467893803116709
2022-01-29,2022,1,27.9,80.0,0.0,11.243919144148805,9.736119180979557
2022-01-30,2022,1,28.0,81.0,0.0,13.233391320652515,9.20259100874668
2022-01-31,2022,1,28.0,78.0,0.0,7.264974791141441,9.20259100874668
2022-02-01,2022,2,28.5,81.0,0.0,23.47100995180306,8.6942852303047
2022-02-02,2022,2,28.0,82.0,4.0,23.815147305490928,12.940317222085497
2022-02-03,2022,2,28.7,78.0,0.0,22.438597890739462,6.99587243359241
2022-02-04,2022,2,26.9,86.0,88.3,25.191696720242394,22.28158760400325
2022-02-05,2022,2,26.0,90.0,16.3,26.568246134993856,29.924445189208654
2022-02-06,2022,2,27.9,81.0,41.5,23.47100995180306,13.789523620441656
2022-02-07,2022,2,27.6,82.0,10.0,23.815147305490928,16.337142815510106
2022-02-08,2022,2,26.5,91.0,6.5,26.912383488681723,25.678413197427858
2022-02-09,2022,2,26.5,83.0,63.8,24.159284659178795,25.678413197427858
2022-02-10,2022,2,27.4,78.0,1.2,22.438597890739462,18.035555612222453
2022-02-11,2022,2,27.7,79.0,0.0,22.78273524442733,15.487936417153975
2022-02-12,2022,2,27.8,81.0,0.4,23.47100995180306,14.638730018797816
2022-02-13,2022,2,27.2,85.0,0.0,24.847559366554528,19.73396840893477
2022-02-14,2022,2,26.5,86.0,0.0,25.191696720242394,25.678413197427858
2022-02-15,2022,2,27.1,88.0,23.5,25.879971427618123,20.583174807290902
2022-02-16,2022,2,28.4,77.0,2.4,22.0944605370516,9.543491628660888
2022-02-17,2022,2,27.3,85.0,47.5,24.847559366554528,18.884762010578584
2022-02-18,2022,2,27.4,88.0,0.8,25.879971427618123,18.035555612222453
2022-02-19,2022,2,28.0,84.0,2.7,24.50342201286666,12.940317222085497
2022-02-20,2022,2,27.9,83.0,2.8,24.159284659178795,13.789523620441656
2022-02-21,2022,2,28.5,74.0,0.8,21.062048475988,8.6942852303047
2022-02-22,2022,2,29.3,74.0,3.0,21.062048475988,1.9006340434554545
2022-02-23,2022,2,27.6,79.0,1.0,22.78273524442733,16.337142815510106
2022-02-24,2022,2,28.6,67.0,17.8,18.65308700017294,7.845078831948541
2022-02-25,2022,2,27.7,73.0,0.0,20.717911122300134,15.487936417153975
2022-02-26,2022,2,27.9,75.0,2.5,21.406185829675866,13.789523620441656
2022-02-27,2022,2,27.5,79.0,0.0,22.78273524442733,17.186349213866293
2022-02-28,2022,2,28.1,78.0,1.0,22.438597890739462,12.091110823729338
2022-03-01,2022,3,26.5,86.0,12.6,11.937758323923134,15.827613709312061
2022-03-02,2022,3,27.0,84.0,5.2,10.29396083891551,13.21526231133842
2022-03-03,2022,3,28.3,78.0,6.6,5.362568383892651,6.423148676607013
2022-03-04,2022,3,28.1,78.0,3.7,5.362568383892651,7.468089235796441
2022-03-05,2022,3,27.1,78.0,0.0,5.362568383892651,12.692792031743693
2022-03-06,2022,3,27.9,77.0,12.1,4.540669641388838,8.513029794985925
2022-03-07,2022,3,29.1,71.0,0.0,0.0,2.243386439849189
2022-03-08,2022,3,27.8,80.0,0.0,7.006365868900275,9.035500074580625
2022-03-09,2022,3,28.1,80.0,0.5,7.006365868900275,7.468089235796441
2022-03-10,2022,3,28.5,77.0,0.0,4.540669641388838,5.378208117417557
2022-03-11,2022,3,27.5,85.0,0.0,11.115859581419329,10.60291091336481
2022-03-12,2022,3,27.0,89.0,7.5,14.403454551434564,13.21526231133842
2022-03-13,2022,3,28.0,85.0,34.5,11.115859581419329,7.990559515391169
2022-03-14,2022,3,28.7,80.0,2.6,7.006365868900275,4.333267558228101
2022-03-15,2022,3,27.5,85.0,2.5,11.115859581419329,10.60291091336481
2022-03-16,2022,3,28.7,77.0,6.2,4.540669641388838,4.333267558228101
2022-03-17,2022,3,28.7,84.0,0.2,10.29396083891551,4.333267558228101
2022-03-18,2022,3,29.2,79.0,0.4,6.184467126396456,1.7209161602544896
2022-03-19,2022,3,29.5,73.0,0.0,1.2530746713735965,0.1535053214703055
2022-03-20,2022,3,30.0,64.0,0.0,0.0,0.0
2022-03-21,2022,3,29.7,69.0,0.0,0.0,0.0
2022-03-22,2022,3,29.1,74.0,0.0,2.0749734138774087,2.243386439849189
2022-03-23,2022,3,27.7,80.0,1.5,7.006365868900275,9.557970354175353
2022-03-24,2022,3,28.3,78.0,5.3,5.362568383892651,6.423148676607013
2022-03-25,2022,3,29.2,78.0,0.0,5.362568383892651,1.7209161602544896
2022-03-26,2022,3,26.6,88.0,0.0,13.581555808930759,15.305143429717333
2022-03-27,2022,3,27.5,85.0,22.5,11.115859581419329,10.60291091336481
2022-03-28,2022,3,28.0,81.0,14.4,7.82826461140408,7.990559515391169
2022-03-29,2022,3,29.3,74.0,0.0,2.0749734138774087,1.1984458806597331
2022-03-30,2022,3,29.1,76.0,0.0,3.718770898885033,2.243386439849189
2022-03-31,2022,3,28.9,78.0,0.0,5.362568383892651,3.2883269990386452
2022-04-01,2022,4,28.5,76.0,0.0,5.472233006926878,8.052374006521205
2022-04-02,2022,4,27.4,82.0,3.8,10.524016303608143,13.414963282437299
2022-04-03,2022,4,26.7,83.0,18.0,11.365980186388349,16.827520094383885
2022-04-04,2022,4,28.3,78.0,27.3,7.156160772487304,9.027390238505944
2022-04-05,2022,4,27.6,81.0,0.0,9.682052420827922,12.439947050452531
2022-04-06,2022,4,28.5,74.0,54.0,3.7883052413664657,8.052374006521205
2022-04-07,2022,4,28.9,76.0,0.0,5.472233006926878,6.102341542551727
2022-04-08,2022,4,28.0,76.0,0.0,5.472233006926878,10.489914586483053
2022-04-09,2022,4,28.5,73.0,45.7,2.9463413585862526,8.052374006521205
2022-04-10,2022,4,29.3,74.0,0.0,3.7883052413664657,4.1523090785822205
2022-04-11,2022,4,28.2,78.0,0.0,7.156160772487304,9.514898354498314
2022-04-12,2022,4,28.6,80.0,30.0,8.840088538047716,7.564865890528807
2022-04-13,2022,4,28.8,80.0,1.7,8.840088538047716,6.589849658544068
2022-04-14,2022,4,28.7,79.0,0.4,7.99812465526751,7.077357774536466
2022-04-15,2022,4,29.9,81.0,0.0,9.682052420827922,1.2272603826280033
2022-04-16,2022,4,29.2,75.0,0.0,4.630269124146672,4.63981719457459
2022-04-17,2022,4,29.7,77.0,0.6,6.314196889707084,2.2022766146127424
2022-04-18,2022,4,29.4,80.0,16.0,8.840088538047716,3.664800962589851
2022-04-19,2022,4,28.6,78.0,0.0,7.156160772487304,7.564865890528807
2022-04-20,2022,4,28.8,76.0,0.4,5.472233006926878,6.589849658544068
2022-04-21,2022,4,27.4,84.0,4.0,12.207944069168555,13.414963282437299
2022-04-22,2022,4,26.4,88.0,11.0,15.575799600289393,18.290044442361022
2022-04-23,2022,4,28.5,80.0,5.7,8.840088538047716,8.052374006521205
2022-04-24,2022,4,28.9,78.0,5.0,7.156160772487304,6.102341542551727
2022-04-25,2022,4,29.5,75.0,0.8,4.630269124146672,3.1772928465974815
2022-04-26,2022,4,29.4,77.0,26.4,6.314196889707084,3.664800962589851
2022-04-27,2022,4,29.1,78.0,0.0,7.156160772487304,5.12732531056696
2022-04-28,2022,4,27.6,83.0,7.5,11.365980186388349,12.439947050452531
2022-04-29,2022,4,29.3,78.0,0.0,7.156160772487304,4.1523090785822205
2022-04-30,2022,4,28.4,81.0,0.0,9.682052420827922,8.539882122513575
2022-05-01,2022,5,29.0,82.0,0.0,9.748780487804865,4.755627960870584
2022-05-02,2022,5,27.5,85.0,0.0,13.056097560975587,12.316508454505765
2022-05-03,2022,5,28.2,83.0,18.6,10.851219512195101,8.788097557476021
2022-05-04,2022,5,29.0,78.0,0.0,5.3390243902438925,4.755627960870584
2022-05-05,2022,5,29.5,77.0,0.0,4.236585365853642,2.2353344629921708
2022-05-06,2022,5,30.2,74.0,0.0,0.9292682926829201,0.0
2022-05-07,2022,5,29.9,77.0,0.0,4.236585365853642,0.21909966468945186
2022-05-08,2022,5,30.1,72.0,0.0,0.0,0.0
2022-05-09,2022,5,29.9,74.0,0.0,0.9292682926829201,0.21909966468945186
2022-05-10,2022,5,29.9,76.0,0.0,3.1341463414634063,0.21909966468945186
2022-05-11,2022,5,28.9,80.0,18.2,7.543902439024379,5.259686660446249
2022-05-12,2022,5,29.2,76.0,0.0,3.1341463414634063,3.747510561719224
2022-05-13,2022,5,29.3,78.0,15.8,5.3390243902438925,3.24345186214353
2022-05-14,2022,5,29.2,81.0,13.0,8.646341463414615,3.747510561719224
2022-05-15,2022,5,29.0,82.0,0.0,9.748780487804865,4.755627960870584
2022-05-16,2022,5,28.6,78.0,6.5,5.3390243902438925,6.771862759173274
2022-05-17,2022,5,29.5,78.0,0.0,5.3390243902438925,2.2353344629921708
2022-05-18,2022,5,28.7,80.0,0.0,7.543902439024379,6.267804059597609
2022-05-19,2022,5,28.0,84.0,35.2,11.953658536585337,9.796214956627352
2022-05-20,2022,5,27.4,84.0,9.4,11.953658536585337,12.82056715408146
2022-05-21,2022,5,27.9,82.0,20.0,9.748780487804865,10.300273656203046
2022-05-22,2022,5,27.8,82.0,0.0,9.748780487804865,10.804332355778712
2022-05-23,2022,5,29.0,79.0,0.0,6.4414634146341285,4.755627960870584
2022-05-24,2022,5,29.7,72.0,0.0,0.0,1.2272170638408113
2022-05-25,2022,5,28.3,83.0,0.2,10.851219512195101,8.284038857900327
2022-05-26,2022,5,27.3,84.0,1.0,11.953658536585337,13.324625853657125
2022-05-27,2022,5,28.2,80.0,0.0,7.543902439024379,8.788097557476021
2022-05-28,2022,5,25.6,86.0,18.6,14.158536585365823,21.893623746443666
2022-05-29,2022,5,26.8,83.0,27.3,10.851219512195101,15.84491935153551
2022-05-30,2022,5,27.3,82.0,0.3,9.748780487804865,13.324625853657125
2022-05-31,2022,5,27.4,80.0,0.0,7.543902439024379,12.82056715408146
2022-06-01,2022,6,29.0,72.0,0.0,1.9233171274915923,1.6802987389336437
2022-06-02,2022,6,28.4,79.0,0.0,2.2952665699052743,2.4680954573378457
2022-06-03,2022,6,28.2,79.0,32.6,2.2952665699052743,2.7306943634725798
2022-06-04,2022,6,28.8,76.0,0.0,2.135859666013696,1.9428976450683777
2022-06-05,2022,6,28.6,78.0,0.0,2.2421309352747483,2.2054965512031117
2022-06-06,2022,6,27.6,79.0,0.0,2.2952665699052743,3.518491081876782
2022-06-07,2022,6,28.1,78.0,0.5,2.2421309352747483,2.8619938165399432
2022-06-08,2022,6,27.3,87.0,13.6,2.720351646949482,3.9123894410788864
2022-06-09,2022,6,26.7,86.0,0.5,2.667216012318956,4.7001861594830885
2022-06-10,2022,6,28.1,77.0,5.0,2.188995300644222,2.8619938165399432
2022-06-11,2022,6,28.2,84.0,2.5,2.5609447430579038,2.7306943634725798
2022-06-12,2022,6,27.8,81.0,0.0,2.4015378391663265,3.255892175742048
2022-06-13,2022,6,27.8,76.0,0.0,2.135859666013696,3.255892175742048
2022-06-14,2022,6,28.7,74.0,0.0,2.029588396752644,2.074197098135741
2022-06-15,2022,6,27.5,82.0,0.0,2.4546734737968525,3.6497905349441524
2022-06-16,2022,6,26.7,86.0,4.0,2.667216012318956,4.7001861594830885
2022-06-17,2022,6,27.1,86.0,0.0,2.667216012318956,4.17498834721362
2022-06-18,2022,6,27.3,82.0,0.0,2.4546734737968525,3.9123894410788864
2022-06-19,2022,6,28.0,82.0,0.0,2.4546734737968525,2.993293269607314
2022-06-20,2022,6,28.9,76.0,0.0,2.135859666013696,1.8115981920010071
2022-06-21,2022,6,28.9,72.0,0.0,1.9233171274915923,1.8115981920010071
2022-06-22,2022,6,28.0,83.0,15.4,2.5078091084273786,2.993293269607314
2022-06-23,2022,6,29.1,74.0,0.0,2.029588396752644,1.5489992858662731
2022-06-24,2022,6,28.0,80.0,0.0,2.3484022045358004,2.993293269607314
2022-06-25,2022,6,28.8,76.0,0.0,2.135859666013696,1.9428976450683777
2022-06-26,2022,6,28.0,80.0,0.0,2.3484022045358004,2.993293269607314
2022-06-27,2022,6,28.8,77.0,0.0,2.188995300644222,1.9428976450683777
2022-06-28,2022,6,28.0,78.0,21.7,2.2421309352747483,2.993293269607314
2022-06-29,2022,6,28.4,70.0,0.0,1.8170458582305402,2.4680954573378457
2022-06-30,2022,6,27.7,74.0,0.0,2.029588396752644,3.3871916288094184
2022-07-01,2022,7,28.7,74.0,0.0,1.5358344929349883,1.1482604951467579
2022-07-02,2022,7,29.1,76.0,0.0,2.3888776301166423,0.0
2022-07-03,2022,7,29.1,82.0,3.0,4.948007041661615,0.0
2022-07-04,2022,7,29.5,74.0,13.6,1.5358344929349883,0.0
2022-07-05,2022,7,29.4,78.0,0.0,3.2419207672983,0.0
2022-07-06,2022,7,26.4,89.0,11.6,7.933658021797417,9.71936819713575
2022-07-07,2022,7,28.6,80.0,16.8,4.0949639044799575,1.5209173517549601
2022-07-08,2022,7,28.8,74.0,0.0,1.5358344929349883,0.7756036385385272
2022-07-09,2022,7,28.2,74.0,0.0,1.5358344929349883,3.01154477818784
2022-07-10,2022,7,28.2,70.0,0.0,0.0,3.01154477818784
2022-07-11,2022,7,28.7,69.0,0.0,0.0,1.1482604951467579
2022-07-12,2022,7,29.6,74.0,0.0,1.5358344929349883,0.0
2022-07-13,2022,7,28.6,78.0,0.0,3.2419207672983,1.5209173517549601
2022-07-14,2022,7,29.0,76.0,0.0,2.3888776301166423,0.03028992532209429
2022-07-15,2022,7,29.3,76.0,0.0,2.3888776301166423,0.0
2022-07-16,2022,7,25.7,84.0,36.0,5.801050178843273,12.327966193393266
2022-07-17,2022,7,27.9,79.0,11.8,3.6684423358891287,4.1295153480124895
2022-07-18,2022,7,28.2,78.0,0.0,3.2419207672983,3.01154477818784
2022-07-19,2022,7,28.9,76.0,0.0,2.3888776301166423,0.40294678193032496
2022-07-20,2022,7,29.6,75.0,0.0,1.962356061525817,0.0
2022-07-21,2022,7,28.7,76.0,0.0,2.3888776301166423,1.1482604951467579
2022-07-22,2022,7,29.1,71.0,0.0,0.2562697871625019,0.0
2022-07-23,2022,7,28.9,75.0,0.0,1.962356061525817,0.40294678193032496
2022-07-24,2022,7,28.8,77.0,0.0,2.815399198707471,0.7756036385385272
2022-07-25,2022,7,28.8,74.0,0.0,1.5358344929349883,0.7756036385385272
2022-07-26,2022,7,29.0,67.0,0.0,0.0,0.03028992532209429
2022-07-27,2022,7,28.9,69.0,0.0,0.0,0.40294678193032496
2022-07-28,2022,7,29.2,70.0,0.0,0.0,0.0
2022-07-29,2022,7,29.2,73.0,0.0,1.1093129243441595,0.0
2022-07-30,2022,7,28.8,77.0,0.0,2.815399198707471,0.7756036385385272
2022-07-31,2022,7,28.7,77.0,0.0,2.815399198707471,1.1482604951467579
2022-08-01,2022,8,29.0,72.0,0.0,2.2935442489480806,1.3988973970056975
2022-08-02,2022,8,29.3,73.0,0.0,2.5684480369910005,0.0
2022-08-03,2022,8,29.7,72.0,0.0,2.2935442489480806,0.0
2022-08-04,2022,8,28.1,82.0,7.1,5.0425821293772835,7.880677034779183
2022-08-05,2022,8,28.0,82.0,15.4,5.0425821293772835,8.600874772309595
2022-08-06,2022,8,28.1,76.0,0.0,3.3931594011197603,7.880677034779183
2022-08-07,2022,8,28.1,78.0,2.6,3.9429669772056,7.880677034779183
2022-08-08,2022,8,28.7,70.0,0.0,1.7437366728622408,3.559490609596878
2022-08-09,2022,8,29.1,67.0,0.0,0.919025308733481,0.678699659475285
2022-08-10,2022,8,29.6,69.0,0.0,1.4688328848193208,0.0
2022-08-11,2022,8,29.7,71.0,0.0,2.0186404609051607,0.0
2022-08-12,2022,8,29.6,76.0,0.0,3.3931594011197603,0.0
2022-08-13,2022,8,29.3,72.0,0.0,2.2935442489480806,0.0
2022-08-14,2022,8,29.2,76.0,0.0,3.3931594011197603,0.0
2022-08-15,2022,8,29.0,76.0,0.0,3.3931594011197603,1.3988973970056975
2022-08-16,2022,8,28.9,74.0,0.0,2.8433518250339205,2.1190951345360816
2022-08-17,2022,8,28.6,79.0,6.4,4.21787076524852,4.279688347127234
2022-08-18,2022,8,29.4,70.0,0.0,1.7437366728622408,0.0
2022-08-19,2022,8,30.0,62.0,0.0,0.0,0.0
2022-08-20,2022,8,29.7,68.0,0.0,1.193929096776401,0.0
2022-08-21,2022,8,29.3,77.18,0.0,0.0,0.0
2022-08-22,2022,8,27.5,80.0,0.0,4.49277455329144,12.201863459961515
2022-08-23,2022,8,29.6,73.0,0.0,2.5684480369910005,0.0
2022-08-24,2022,8,29.1,74.0,0.0,2.8433518250339205,0.678699659475285
2022-08-25,2022,8,29.4,65.0,0.0,0.36921773264764113,0.0
2022-08-26,2022,8,28.9,72.0,0.0,2.2935442489480806,2.1190951345360816
2022-08-27,2022,8,28.6,76.0,0.0,3.3931594011197603,4.279688347127234
2022-08-28,2022,8,28.4,78.0,0.0,3.9429669772056,5.72008382218803
2022-08-29,2022,8,28.4,77.0,0.0,3.6680631891626803,5.72008382218803
2022-08-30,2022,8,28.5,72.0,0.0,2.2935442489480806,4.999886084657646
2022-08-31,2022,8,29.3,70.0,0.0,1.7437366728622408,0.0
2022-09-01,2022,9,29.1,73.0,0.0,3.4370644202500857,1.9708740011116959
2022-09-02,2022,9,29.3,76.0,0.5,3.6558283279641763,1.737135742311132
2022-09-03,2022,9,28.3,76.0,0.0,3.6558283279641763,2.9058270363139727
2022-09-04,2022,9,28.8,70.0,0.0,3.2183005125359943,2.3214813893125523
2022-09-05,2022,9,29.4,74.0,0.0,3.5099857228214493,1.6202666129108465
2022-09-06,2022,9,30.0,70.0,0.2,3.2183005125359943,0.9190518365091407
2022-09-07,2022,9,27.4,85.0,0.2,4.312120051106449,3.957649200916542
2022-09-08,2022,9,26.8,86.0,5.8,4.385041353677813,4.658863977318244
2022-09-09,2022,9,26.4,86.0,1.5,4.385041353677813,5.126340494919386
2022-09-10,2022,9,26.7,84.0,55.8,4.2391987485350855,4.775733106718533
2022-09-11,2022,9,27.7,81.0,0.0,4.020434840820994,3.6070418127156856
2022-09-12,2022,9,28.1,80.0,23.4,3.9475135382496305,3.1395652951145436
2022-09-13,2022,9,28.5,78.0,0.0,3.8016709331069034,2.672088777513409
2022-09-14,2022,9,28.9,69.0,0.0,3.1453792099646307,2.204612259912274
2022-09-15,2022,9,28.6,72.0,0.0,3.364143117678722,2.5552196481131233
2022-09-16,2022,9,29.4,66.0,0.0,2.92661530225054,1.6202666129108465
2022-09-17,2022,9,29.2,73.0,0.0,3.4370644202500857,1.8540048717114175
2022-09-18,2022,9,28.9,77.0,0.0,3.72874963053554,2.204612259912274
2022-09-19,2022,9,29.8,69.0,1.2,3.1453792099646307,1.1527900953097046
2022-09-20,2022,9,28.7,68.0,0.0,3.072457907393267,2.438350518712838
2022-09-21,2022,9,28.5,75.0,0.0,3.582907025392813,2.672088777513409
2022-09-22,2022,9,27.7,81.0,0.0,4.020434840820994,3.6070418127156856
2022-09-23,2022,9,27.8,81.0,21.4,4.020434840820994,3.4901726833154
2022-09-24,2022,9,29.3,72.0,0.0,3.364143117678722,1.737135742311132
2022-09-25,2022,9,29.3,72.0,0.0,3.364143117678722,1.737135742311132
2022-09-26,2022,9,30.0,67.0,0.0,2.9995366048219037,0.9190518365091407
2022-09-27,2022,9,28.7,73.0,10.5,3.4370644202500857,2.438350518712838
2022-09-28,2022,9,29.6,67.0,0.0,2.9995366048219037,1.3865283541102755
2022-09-29,2022,9,29.6,70.0,0.0,3.2183005125359943,1.3865283541102755
2022-09-30,2022,9,29.0,72.0,0.0,3.364143117678722,2.0877431305119813
2022-10-01,2022,10,29.9,74.0,0.0,5.559500363934518,0.0
2022-10-02,2022,10,28.2,78.0,0.0,9.878870882729444,9.848170845517728
2022-10-03,2022,10,28.7,77.0,15.8,8.799028253030713,6.687221582778562
2022-10-04,2022,10,28.1,78.0,1.6,9.878870882729444,10.480360698065539
2022-10-05,2022,10,27.4,87.0,26.0,19.597454550018057,14.905689665900383
2022-10-06,2022,10,27.9,78.0,0.0,9.878870882729444,11.744740403161245
2022-10-07,2022,10,27.2,85.0,48.6,17.43776929062058,16.17006937099606
2022-10-08,2022,10,28.1,74.0,1.2,5.559500363934518,10.480360698065539
2022-10-09,2022,10,27.8,77.0,0.0,8.799028253030713,12.376930255709055
2022-10-10,2022,10,28.0,76.0,0.0,7.719185623331981,11.112550550613406
2022-10-11,2022,10,27.8,80.0,0.0,12.038556142126907,12.376930255709055
2022-10-12,2022,10,28.3,73.0,17.0,4.479657734235772,9.21598099296989
2022-10-13,2022,10,27.4,80.0,0.0,12.038556142126907,14.905689665900383
2022-10-14,2022,10,28.9,70.0,21.0,1.2401298451395775,5.422841877682913
2022-10-15,2022,10,27.8,82.0,0.0,14.198241401524385,12.376930255709055
2022-10-16,2022,10,27.8,82.0,12.2,14.198241401524385,12.376930255709055
2022-10-17,2022,10,28.6,80.0,0.0,12.038556142126907,7.319411435326401
2022-10-18,2022,10,28.0,81.0,3.8,13.118398771825653,11.112550550613406
2022-10-19,2022,10,27.5,81.0,0.0,13.118398771825653,14.273499813352544
2022-10-20,2022,10,28.2,80.0,20.2,12.038556142126907,9.848170845517728
2022-10-21,2022,10,28.4,76.0,0.0,7.719185623331981,8.583791140422079
2022-10-22,2022,10,28.7,78.0,0.0,9.878870882729444,6.687221582778562
2022-10-23,2022,10,28.7,76.0,34.8,7.719185623331981,6.687221582778562
2022-10-24,2022,10,29.1,69.0,0.0,0.1602872154408459,4.158462172587235
2022-10-25,2022,10,27.4,80.0,0.0,12.038556142126907,14.905689665900383
2022-10-26,2022,10,27.0,81.0,17.3,13.118398771825653,17.43444907609171
2022-10-27,2022,10,28.5,74.0,0.0,5.559500363934518,7.95160128787424
2022-10-28,2022,10,29.8,60.0,0.0,0.0,0.0
2022-10-29,2022,10,29.2,70.0,0.0,1.2401298451395775,3.526272320039425
2022-10-30,2022,10,29.1,68.0,0.0,0.0,4.158462172587235
2022-10-31,2022,10,29.4,71.0,0.0,2.319972474838309,2.261892614943747
2022-11-01,2022,11,29.3,72.0,0.0,1.2494331179768494,1.8880360159847243
2022-11-02,2022,11,29.2,76.0,0.0,3.792659443424924,2.206564938723119
2022-11-03,2022,11,29.1,75.0,0.0,3.1568528620629053,2.5250938614615137
2022-11-04,2022,11,28.9,75.0,0.0,3.1568528620629053,3.162151706938303
2022-11-05,2022,11,28.0,78.0,27.6,5.064272606148961,6.0289120115838415
2022-11-06,2022,11,27.9,79.0,0.0,5.70007918751098,6.347440934322236
2022-11-07,2022,11,27.5,83.0,2.2,8.243305512959061,7.621556625275815
2022-11-08,2022,11,27.5,80.0,0.4,6.3358857688730055,7.621556625275815
2022-11-09,2022,11,28.0,78.0,7.7,5.064272606148961,6.0289120115838415
2022-11-10,2022,11,27.6,82.0,0.0,7.607498931597043,7.30302770253742
2022-11-11,2022,11,28.0,76.0,13.5,3.792659443424924,6.0289120115838415
2022-11-12,2022,11,27.6,81.0,0.6,6.971692350235024,7.30302770253742
2022-11-13,2022,11,27.2,83.0,0.0,8.243305512959061,8.577143393491
2022-11-14,2022,11,28.3,78.0,0.0,5.064272606148961,5.073325243368657
2022-11-15,2022,11,29.0,73.0,0.5,1.885239699338868,2.8436227841999084
2022-11-16,2022,11,28.7,76.0,0.0,3.792659443424924,3.7992095524150926
2022-11-17,2022,11,26.1,89.0,42.4,12.058145001131173,12.080961543613327
2022-11-18,2022,11,28.3,76.0,10.5,3.792659443424924,5.073325243368657
2022-11-19,2022,11,28.9,74.0,0.0,2.5210462807008867,3.162151706938303
2022-11-20,2022,11,29.5,70.0,0.0,0.0,1.2509781705079348
2022-11-21,2022,11,29.7,66.0,0.0,0.0,0.6139203250311596
2022-11-22,2022,11,29.4,70.0,0.0,0.0,1.5695070932463437
2022-11-23,2022,11,28.8,71.0,0.0,0.6136265366148308,3.480680629676698
2022-11-24,2022,11,28.6,76.0,2.7,3.792659443424924,4.117738475153473
2022-11-25,2022,11,27.8,76.0,0.0,3.792659443424924,6.665969857060631
2022-11-26,2022,11,27.2,82.0,0.0,7.607498931597043,8.577143393491
2022-11-27,2022,11,27.7,80.0,17.2,6.3358857688730055,6.984498779799026
2022-11-28,2022,11,28.6,79.0,2.0,5.70007918751098,4.117738475153473
2022-11-29,2022,11,28.6,78.0,16.8,5.064272606148961,4.117738475153473
2022-11-30,2022,11,28.2,78.0,0.0,5.064272606148961,5.391854166107066
2022-12-01,2022,12,28.4,76.0,0.0,3.1319537953795376,2.961418266108012
2022-12-02,2022,12,28.1,78.0,0.0,4.596961496149625,4.338032796946038
2022-12-03,2022,12,28.3,76.0,4.0,3.1319537953795376,3.4202897763873636
2022-12-04,2022,12,28.4,77.0,0.0,3.864457645764581,2.961418266108012
2022-12-05,2022,12,28.6,76.0,0.0,3.1319537953795376,2.0436752455493377
2022-12-06,2022,12,27.9,80.0,0.0,6.061969196919705,5.255775817504741
2022-12-07,2022,12,28.2,80.0,0.0,6.061969196919705,3.879161286666715
2022-12-08,2022,12,27.8,80.0,0.0,6.061969196919705,5.714647327784064
2022-12-09,2022,12,27.2,82.0,2.6,7.526976897689792,8.46787638946013
2022-12-10,2022,12,27.9,77.0,14.1,3.864457645764581,5.255775817504741
2022-12-11,2022,12,28.9,70.0,0.2,0.0,0.6670607147113117
2022-12-12,2022,12,28.0,77.0,0.0,3.864457645764581,4.79690430722539
2022-12-13,2022,12,28.5,69.0,2.0,0.0,2.502546755828689
2022-12-14,2022,12,28.1,77.0,0.0,3.864457645764581,4.338032796946038
2022-12-15,2022,12,30.3,65.0,0.0,0.0,0.0
2022-12-16,2022,12,28.4,73.0,0.0,0.9344422442244067,2.961418266108012
2022-12-17,2022,12,28.3,80.0,1.5,6.061969196919705,3.4202897763873636
2022-12-18,2022,12,28.3,82.0,1.7,7.526976897689792,3.4202897763873636
2022-12-19,2022,12,28.6,75.0,4.8,2.399449944994494,2.0436752455493377
2022-12-20,2022,12,28.3,76.0,0.0,3.1319537953795376,3.4202897763873636
2022-12-21,2022,12,28.5,80.0,0.0,6.061969196919705,2.502546755828689
2022-12-22,2022,12,28.4,79.0,1.0,5.329465346534668,2.961418266108012
2022-12-23,2022,12,27.2,82.0,38.5,7.526976897689792,8.46787638946013
2022-12-24,2022,12,27.4,85.0,2.8,9.724488448844923,7.550133368901442
2022-12-25,2022,12,26.4,86.0,1.5,10.456992299229967,12.138848471694871
2022-12-26,2022,12,26.6,87.0,14.9,11.18949614961501,11.221105451136168
2022-12-27,2022,12,26.3,81.0,6.3,6.7944730473047485,12.597719981974194
2022-12-28,2022,12,25.9,84.0,0.9,8.99198459845988,14.433206023091572
2022-12-29,2022,12,26.2,84.0,34.0,8.99198459845988,13.056591492253546
2022-12-30,2022,12,26.3,87.0,1.2,11.18949614961501,12.597719981974194
2022-12-31,2022,12,26.2,86.0,4.6,10.456992299229967,13.056591492253546
